slug,name,positions,age,team,games_played,minutes_played,player_efficiency_rating,true_shooting_percentage,three_point_attempt_rate,free_throw_attempt_rate,offensive_rebound_percentage,defensive_rebound_percentage,total_rebound_percentage,assist_percentage,steal_percentage,block_percentage,turnover_percentage,usage_percentage,offensive_win_shares,defensive_win_shares,win_shares,win_shares_per_48_minutes,offensive_box_plus_minus,defensive_box_plus_minus,box_plus_minus,value_over_replacement_player,is_combined_totals
afflaar01,Arron Afflalo,SHOOTING GUARD,24,DENVER NUGGETS,82,2221,10.9,0.576,0.426,0.168,3.1,9.9,6.5,9.3,1.0,1.0,10.5,14.0,2.8,1.4,4.3,0.092,-0.2,-0.2,-0.4,0.9,False
ajincal01,Alexis Ajinça,CENTER,21,CHARLOTTE BOBCATS,6,30,6.3,0.479,0.0,0.1,4.1,11.8,8.0,0.0,1.8,2.7,16.1,19.3,-0.1,0.0,0.0,-0.013,-6.3,1.0,-5.3,0.0,False
aldrila01,LaMarcus Aldridge,POWER FORWARD,24,PORTLAND TRAIL BLAZERS,78,2922,18.2,0.535,0.014,0.26,8.1,18.6,13.3,9.9,1.3,1.3,7.4,22.9,5.5,3.3,8.8,0.145,1.4,-0.2,1.2,2.3,False
alexajo01,Joe Alexander,SMALL FORWARD,23,CHICAGO BULLS,8,29,2.8,0.273,0.167,0.5,7.8,11.3,9.6,9.3,1.8,2.6,0.0,11.3,0.0,0.0,0.0,0.03,-9.1,0.9,-8.3,0.0,False
allenma01,Malik Allen,POWER FORWARD,31,DENVER NUGGETS,51,456,5.9,0.431,0.052,0.112,9.2,11.5,10.4,5.1,1.2,0.8,15.3,14.0,-0.3,0.3,0.1,0.009,-4.7,-1.0,-5.7,-0.4,False
allenra02,Ray Allen,SHOOTING GUARD,34,BOSTON CELTICS,80,2819,15.2,0.601,0.41,0.26,2.0,8.8,5.5,12.3,1.2,0.7,10.6,20.2,5.1,2.9,7.9,0.135,1.5,-0.3,1.2,2.3,False
allento01,Tony Allen,SHOOTING GUARD,28,BOSTON CELTICS,54,889,14.2,0.54,0.02,0.47,7.4,12.5,10.0,13.0,3.5,1.7,17.8,19.6,0.2,1.6,1.9,0.1,-1.8,2.2,0.4,0.5,False
alstora01,Rafer Alston,POINT GUARD,33,NEW JERSEY NETS,27,766,8.7,0.436,0.314,0.195,1.3,10.4,5.6,23.1,1.9,0.5,16.9,21.7,-1.2,0.4,-0.8,-0.051,-3.0,-1.1,-4.0,-0.4,False
alstora01,Rafer Alston,POINT GUARD,33,MIAMI HEAT,25,655,7.7,0.456,0.479,0.16,0.7,8.9,4.8,16.7,1.9,0.6,15.8,15.4,-0.4,0.8,0.4,0.031,-3.7,0.3,-3.4,-0.2,False
amundlo01,Lou Amundson,POWER FORWARD,27,PHOENIX SUNS,79,1168,14.4,0.562,0.004,0.446,13.1,19.9,16.7,3.7,1.0,4.4,14.7,14.6,1.5,1.3,2.9,0.118,-1.5,0.4,-1.1,0.3,False
anderch01,Chris Andersen,POWER FORWARD,31,DENVER NUGGETS,76,1695,15.8,0.631,0.012,0.94,10.1,22.7,16.4,2.8,1.3,6.3,14.3,10.8,3.2,2.7,5.9,0.166,-0.1,1.9,1.8,1.6,False
anderda03,David Andersen,CENTER,29,HOUSTON ROCKETS,63,891,12.1,0.497,0.229,0.197,6.7,20.6,13.4,8.1,0.9,1.0,9.1,20.2,0.4,0.9,1.3,0.07,-2.0,-0.6,-2.6,-0.1,False
anderan02,Antonio Anderson,SMALL FORWARD,24,OKLAHOMA CITY THUNDER,1,15,-1.7,0.333,0.0,0.0,7.9,0.0,3.8,0.0,0.0,0.0,25.0,12.0,0.0,0.0,0.0,-0.104,-7.6,-4.8,-12.4,0.0,False
anderry01,Ryan Anderson,POWER FORWARD,21,ORLANDO MAGIC,63,911,18.1,0.574,0.544,0.211,9.2,16.2,12.8,7.1,1.4,1.1,11.7,24.4,1.7,1.4,3.1,0.161,2.6,-0.3,2.3,1.0,False
anthoca01,Carmelo Anthony,SMALL FORWARD,25,DENVER NUGGETS,69,2634,22.2,0.548,0.125,0.407,6.7,13.1,9.9,15.9,1.7,0.9,10.6,33.4,5.6,2.4,7.9,0.145,3.5,-1.2,2.3,2.9,False
anthojo01,Joel Anthony,CENTER,27,MIAMI HEAT,80,1322,10.2,0.546,0.0,0.579,11.0,11.1,11.1,1.3,0.8,6.7,18.4,8.7,1.0,2.0,3.1,0.111,-3.4,1.7,-1.7,0.1,False
arenagi01,Gilbert Arenas,POINT GUARD,28,WASHINGTON WIZARDS,32,1169,18.7,0.511,0.294,0.336,1.6,11.6,6.5,36.3,1.8,0.6,14.2,31.9,0.9,0.9,1.8,0.072,2.9,-1.2,1.7,1.1,False
arizatr01,Trevor Ariza,SMALL FORWARD,24,HOUSTON ROCKETS,72,2629,13.3,0.488,0.407,0.228,3.3,14.7,8.8,16.7,2.4,1.1,12.8,21.2,0.1,3.1,3.2,0.058,-0.4,0.9,0.5,1.7,False
armsthi01,Hilton Armstrong,POWER FORWARD,25,NEW ORLEANS HORNETS,18,239,7.5,0.409,0.0,0.56,8.2,22.0,15.0,9.3,1.7,2.5,17.3,14.4,-0.2,0.3,0.1,0.01,-6.4,0.6,-5.8,-0.2,False
armsthi01,Hilton Armstrong,CENTER,25,SACRAMENTO KINGS,6,56,8.4,0.388,0.0,0.167,10.1,18.6,14.3,5.0,1.8,5.2,23.7,13.3,-0.1,0.1,0.0,-0.012,-4.0,1.0,-3.0,0.0,False
armsthi01,Hilton Armstrong,CENTER,25,HOUSTON ROCKETS,9,40,1.1,0.28,0.059,0.118,13.8,3.0,8.6,11.5,6.4,0.0,21.9,25.3,-0.2,0.1,-0.2,-0.185,-12.0,-0.6,-12.6,-0.1,False
arroyca01,Carlos Arroyo,POINT GUARD,30,MIAMI HEAT,72,1585,12.3,0.529,0.067,0.24,1.9,7.7,4.8,22.2,1.2,0.3,11.5,13.9,2.2,1.5,3.7,0.113,-1.5,0.1,-1.5,0.2,False
arthuda01,Darrell Arthur,POWER FORWARD,21,MEMPHIS GRIZZLIES,32,457,10.5,0.449,0.007,0.205,9.4,18.7,14.0,4.9,1.6,2.3,12.1,17.4,-0.1,0.4,0.3,0.031,-3.7,-0.4,-4.1,-0.2,False
atkinch01,Chucky Atkins,POINT GUARD,35,DETROIT PISTONS,40,644,8.3,0.477,0.465,0.172,0.9,4.8,2.7,21.6,1.4,0.0,15.9,14.4,0.2,0.1,0.2,0.017,-2.9,-1.4,-4.3,-0.4,False
augusdj01,D.J. Augustin,POINT GUARD,22,CHARLOTTE BOBCATS,80,1472,11.2,0.516,0.409,0.301,0.9,6.9,4.0,21.7,1.6,0.3,13.1,17.9,1.1,1.7,2.8,0.092,-1.5,0.3,-1.1,0.3,False
pendeje02,Jeff Ayres,CENTER,22,PORTLAND TRAIL BLAZERS,39,405,12.1,0.705,0.0,0.308,7.6,22.5,15.0,0.4,0.9,3.2,14.0,10.1,0.8,0.6,1.3,0.156,-3.4,0.4,-3.0,-0.1,False
azubuke01,Kelenna Azubuike,SMALL FORWARD,26,GOLDEN STATE WARRIORS,9,231,19.8,0.623,0.307,0.318,5.7,14.2,9.9,6.8,1.0,2.8,6.5,19.9,0.6,0.1,0.7,0.148,3.3,-1.1,2.1,0.2,False
balkmre01,Renaldo Balkman,SMALL FORWARD,25,DENVER NUGGETS,13,91,6.6,0.339,0.389,0.333,5.1,23.9,14.6,10.6,4.5,1.7,22.5,13.0,-0.2,0.2,0.0,-0.001,-5.8,3.3,-2.4,0.0,False
banksma01,Marcus Banks,POINT GUARD,28,TORONTO RAPTORS,22,244,15.3,0.635,0.329,0.397,1.5,9.4,5.6,16.4,2.5,0.6,18.9,19.8,0.4,0.1,0.5,0.095,-0.4,0.1,-0.3,0.1,False
barbole01,Leandro Barbosa,POINT GUARD,27,PHOENIX SUNS,44,786,14.0,0.526,0.373,0.2,1.7,7.9,5.0,12.5,1.5,1.1,10.4,24.9,0.7,0.4,1.1,0.065,-0.8,-1.3,-2.1,0.0,False
bareajo01,J.J. Barea,POINT GUARD,25,DALLAS MAVERICKS,78,1546,12.8,0.526,0.298,0.171,1.3,9.5,5.4,26.1,1.2,0.3,15.3,19.9,1.0,1.2,2.2,0.069,-0.6,-0.7,-1.3,0.3,False
bargnan01,Andrea Bargnani,POWER FORWARD,24,TORONTO RAPTORS,80,2799,15.5,0.552,0.284,0.205,4.6,15.9,10.4,5.4,0.5,3.0,8.8,22.3,3.3,0.9,4.2,0.072,0.9,-1.7,-0.8,0.9,False
barnema02,Matt Barnes,SMALL FORWARD,29,ORLANDO MAGIC,81,2097,13.6,0.576,0.372,0.262,6.1,18.0,12.3,10.1,1.5,1.1,15.3,16.2,2.5,3.4,5.9,0.135,-0.1,1.3,1.3,1.7,False
barroea01,Earl Barron,CENTER,28,NEW YORK KNICKS,7,232,14.7,0.508,0.0,0.426,14.9,22.9,18.9,5.2,0.9,1.3,12.0,17.9,0.3,0.2,0.4,0.091,-1.5,-2.9,-4.5,-0.1,False
bassbr01,Brandon Bass,POWER FORWARD,24,ORLANDO MAGIC,50,648,16.5,0.556,0.0,0.27,10.0,12.6,11.3,5.1,1.0,3.1,10.6,20.9,1.0,1.0,2.0,0.147,-0.7,0.1,-0.6,0.2,False
battito01,Tony Battie,CENTER,33,NEW JERSEY NETS,15,134,6.1,0.405,0.1,0.25,3.3,17.1,9.9,3.7,1.6,1.1,6.3,16.2,-0.1,0.1,0.0,-0.014,-6.2,-1.8,-8.0,-0.2,False
battish01,Shane Battier,SHOOTING GUARD,31,HOUSTON ROCKETS,67,2168,11.1,0.541,0.624,0.237,3.8,13.1,8.2,10.9,1.2,2.6,11.5,11.4,2.2,2.1,4.3,0.095,0.1,1.4,1.5,1.9,False
batumni01,Nicolas Batum,SMALL FORWARD,21,PORTLAND TRAIL BLAZERS,37,918,17.3,0.646,0.493,0.19,4.3,14.8,9.5,8.0,1.4,2.2,8.5,16.4,2.4,1.1,3.5,0.181,2.8,1.1,3.9,1.4,False
bayleje01,Jerryd Bayless,SHOOTING GUARD,21,PORTLAND TRAIL BLAZERS,74,1304,14.3,0.534,0.19,0.501,1.7,9.8,5.7,22.1,1.1,0.3,13.8,24.9,1.7,1.0,2.7,0.098,-0.7,-1.0,-1.7,0.1,False
beaslmi01,Michael Beasley,POWER FORWARD,21,MIAMI HEAT,78,2328,16.1,0.505,0.098,0.231,6.3,18.8,12.6,7.8,1.8,1.7,10.3,25.8,0.8,3.8,4.6,0.095,-0.9,0.1,-0.8,0.7,False
beaubro01,Rodrigue Beaubois,POINT GUARD,21,DALLAS MAVERICKS,56,700,18.5,0.617,0.368,0.174,2.0,10.7,6.4,18.6,2.1,1.3,14.4,24.7,1.1,0.8,2.0,0.134,1.3,0.2,1.5,0.6,False
belinma01,Marco Belinelli,SHOOTING GUARD,23,TORONTO RAPTORS,66,1121,12.6,0.543,0.417,0.319,1.5,8.3,5.0,11.8,1.9,0.3,12.2,20.1,0.9,0.2,1.2,0.049,-0.3,-1.0,-1.3,0.2,False
bellch01,Charlie Bell,SHOOTING GUARD,30,MILWAUKEE BUCKS,71,1611,7.9,0.486,0.451,0.151,2.1,7.5,4.7,9.8,1.3,0.6,10.3,14.8,0.1,1.9,2.0,0.06,-2.9,0.5,-2.4,-0.2,False
bellra01,Raja Bell,SHOOTING GUARD,33,CHARLOTTE BOBCATS,5,157,12.8,0.533,0.436,0.055,3.9,12.1,8.1,11.3,1.4,1.0,8.2,18.2,0.2,0.2,0.4,0.113,0.5,2.0,2.5,0.2,False
bellra01,Raja Bell,SHOOTING GUARD,33,GOLDEN STATE WARRIORS,1,23,20.6,0.917,0.5,0.0,0.0,9.8,4.8,19.5,0.0,0.0,0.0,11.2,0.1,0.0,0.1,0.256,8.0,0.7,8.7,0.1,False
bendejo01,Jonathan Bender,SMALL FORWARD,29,NEW YORK KNICKS,25,292,10.8,0.529,0.39,0.26,5.7,14.7,10.1,8.4,0.3,4.3,20.1,21.6,-0.2,0.2,0.0,-0.001,-3.3,-0.8,-4.1,-0.2,False
bibbymi01,Mike Bibby,POINT GUARD,31,ATLANTA HAWKS,80,2195,12.7,0.538,0.503,0.123,1.1,8.8,4.9,20.8,1.6,0.1,11.7,16.1,3.0,1.7,4.8,0.104,0.1,-0.2,-0.2,1.0,False
biedran01,Andris Biedriņš,CENTER,23,GOLDEN STATE WARRIORS,33,763,13.0,0.561,0.0,0.182,9.1,29.0,18.9,10.1,1.3,4.1,17.8,10.1,0.7,0.9,1.6,0.101,-1.9,1.7,-0.2,0.4,False
billuch01,Chauncey Billups,POINT GUARD,33,DENVER NUGGETS,73,2490,20.2,0.601,0.423,0.532,1.2,9.3,5.3,26.1,1.7,0.3,13.0,24.3,7.7,1.7,9.5,0.182,4.5,-0.8,3.7,3.6,False
blairde01,DeJuan Blair,POWER FORWARD,20,SAN ANTONIO SPURS,82,1494,17.7,0.564,0.004,0.325,16.0,25.1,20.6,7.1,1.8,1.9,16.5,20.8,1.8,2.8,4.6,0.147,-1.0,0.4,-0.7,0.5,False
blakest01,Steve Blake,POINT GUARD,29,PORTLAND TRAIL BLAZERS,51,1397,11.2,0.526,0.583,0.09,1.3,9.2,5.2,22.5,1.4,0.1,15.0,14.8,1.3,1.1,2.4,0.082,0.1,0.1,0.2,0.8,False
blakest01,Steve Blake,POINT GUARD,29,LOS ANGELES CLIPPERS,29,762,12.3,0.569,0.521,0.096,0.9,9.6,5.2,34.9,1.4,0.4,26.6,14.1,0.6,0.3,0.9,0.058,-0.5,-1.3,-1.8,0.0,False
blatcan01,Andray Blatche,POWER FORWARD,23,WASHINGTON WIZARDS,81,2256,17.6,0.519,0.044,0.234,7.9,18.2,13.0,13.8,2.0,2.4,14.2,25.8,0.8,2.6,3.4,0.073,0.2,0.4,0.6,1.5,False
boganke01,Keith Bogans,SMALL FORWARD,29,SAN ANTONIO SPURS,79,1559,7.7,0.542,0.658,0.168,1.9,11.2,6.6,8.5,1.5,0.6,14.2,11.0,0.7,1.9,2.6,0.081,-2.7,1.5,-1.2,0.3,False
bogutan01,Andrew Bogut,CENTER,25,MILWAUKEE BUCKS,69,2229,20.7,0.54,0.002,0.26,10.1,26.4,17.9,10.3,0.9,6.2,11.4,23.3,2.6,4.8,7.5,0.161,0.8,2.2,3.1,2.8,False
bonnema01,Matt Bonner,POWER FORWARD,29,SAN ANTONIO SPURS,65,1161,14.9,0.581,0.621,0.129,5.3,16.1,10.8,9.0,1.4,1.5,9.0,17.0,2.1,1.6,3.7,0.153,1.8,0.9,2.6,1.3,False
boonejo01,Josh Boone,POWER FORWARD,25,NEW JERSEY NETS,63,1045,13.7,0.509,0.0,0.26,13.1,22.0,17.4,4.6,1.5,3.4,13.0,12.5,0.7,1.1,1.8,0.084,-1.8,-0.2,-2.0,0.0,False
boozeca01,Carlos Boozer,POWER FORWARD,28,UTAH JAZZ,78,2673,21.3,0.599,0.0,0.35,8.2,29.9,19.4,15.8,1.6,1.1,14.3,24.8,5.3,4.6,9.9,0.178,2.4,1.1,3.4,3.7,False
boshch01,Chris Bosh,CENTER,25,TORONTO RAPTORS,70,2526,25.0,0.592,0.019,0.509,9.9,25.2,17.7,11.5,0.9,2.1,10.7,28.7,7.9,1.7,9.6,0.182,4.8,-1.2,3.6,3.6,False
bowenry01,Ryan Bowen,SMALL FORWARD,34,OKLAHOMA CITY THUNDER,1,8,31.3,1.064,0.0,2.0,14.7,14.0,14.3,0.0,6.4,0.0,0.0,10.5,0.1,0.0,0.1,0.509,4.1,7.7,11.8,0.0,False
boykiea01,Earl Boykins,POINT GUARD,33,WASHINGTON WIZARDS,67,1117,12.9,0.498,0.149,0.221,1.7,6.1,3.9,25.3,1.1,0.2,13.5,20.7,0.6,0.3,1.0,0.042,-0.5,-2.0,-2.4,-0.1,False
brandel01,Elton Brand,POWER FORWARD,30,PHILADELPHIA 76ERS,76,2297,15.7,0.518,0.001,0.272,9.0,14.7,11.8,7.9,1.9,2.7,12.0,21.7,1.6,1.9,3.5,0.073,-1.1,-0.7,-1.8,0.1,False
breweco01,Corey Brewer,SHOOTING GUARD,23,MINNESOTA TIMBERWOLVES,82,2482,12.1,0.502,0.25,0.27,3.1,9.6,6.3,12.5,2.4,0.9,13.4,21.5,-0.4,1.4,1.0,0.02,-2.1,-0.1,-2.2,-0.1,False
brewero02,Ronnie Brewer,SHOOTING GUARD,24,UTAH JAZZ,53,1662,12.8,0.53,0.075,0.308,3.2,9.4,6.4,13.1,2.6,0.7,9.7,14.1,1.7,2.1,3.8,0.108,-0.6,1.9,1.3,1.4,False
brewero02,Ronnie Brewer,SHOOTING GUARD,24,MEMPHIS GRIZZLIES,5,80,5.9,0.329,0.0,0.385,1.5,8.8,5.1,4.9,3.8,0.0,11.6,9.4,-0.1,0.1,0.0,-0.01,-5.1,2.5,-2.6,0.0,False
brezepr01,Primož Brezec,CENTER,30,PHILADELPHIA 76ERS,7,36,0.4,0.18,0.0,0.154,19.4,20.0,19.6,0.0,1.5,2.2,0.0,17.6,-0.1,0.0,-0.1,-0.113,-10.7,-5.9,-16.6,-0.1,False
brezepr01,Primož Brezec,CENTER,30,MILWAUKEE BUCKS,14,59,7.6,0.474,0.0,0.308,11.0,14.2,12.5,2.6,0.0,2.7,11.9,12.9,0.0,0.1,0.1,0.057,-5.4,-0.6,-6.0,-0.1,False
brockjo01,Jon Brockman,POWER FORWARD,22,SACRAMENTO KINGS,52,654,12.4,0.564,0.0,0.602,18.2,19.2,18.7,4.8,1.2,0.6,15.0,10.4,1.2,0.5,1.7,0.125,-1.8,-1.2,-3.0,-0.2,False
brookaa01,Aaron Brooks,POINT GUARD,25,HOUSTON ROCKETS,82,2919,16.0,0.549,0.394,0.224,2.0,6.6,4.2,25.6,1.2,0.3,13.7,25.7,3.9,1.6,5.5,0.091,2.3,-1.6,0.7,1.9,False
brownbo02,Bobby Brown,POINT GUARD,25,NEW ORLEANS HORNETS,22,328,10.0,0.466,0.434,0.053,0.4,6.2,3.2,22.7,1.4,0.2,13.4,25.0,-0.3,0.1,-0.2,-0.026,-2.6,-2.2,-4.8,-0.2,False
brownbo02,Bobby Brown,POINT GUARD,25,LOS ANGELES CLIPPERS,23,191,8.2,0.397,0.376,0.082,4.8,7.3,6.1,35.7,1.6,0.0,20.0,26.1,-0.4,0.1,-0.4,-0.092,-2.8,-3.4,-6.2,-0.2,False
brownde04,Derrick Brown,SMALL FORWARD,22,CHARLOTTE BOBCATS,57,535,12.6,0.52,0.048,0.49,7.1,10.4,8.8,6.0,2.1,1.5,9.6,17.2,0.5,0.8,1.3,0.114,-1.7,1.1,-0.6,0.2,False
brownde02,Devin Brown,SHOOTING GUARD,31,NEW ORLEANS HORNETS,39,967,10.9,0.522,0.452,0.265,3.2,10.1,6.6,9.0,1.6,0.4,13.6,19.8,0.1,0.5,0.6,0.031,-1.4,-0.8,-2.2,0.0,False
brownde02,Devin Brown,SHOOTING GUARD,31,CHICAGO BULLS,11,93,0.4,0.278,0.472,0.0,2.4,15.3,9.0,10.9,1.7,0.8,12.2,19.8,-0.4,0.1,-0.3,-0.129,-8.0,-0.3,-8.3,-0.1,False
brownkw01,Kwame Brown,CENTER,27,DETROIT PISTONS,48,660,7.9,0.47,0.008,0.79,9.1,24.3,16.2,5.1,1.2,1.5,20.5,14.7,-0.6,0.5,-0.1,-0.009,-5.0,-0.6,-5.6,-0.6,False
brownsh01,Shannon Brown,SHOOTING GUARD,24,LOS ANGELES LAKERS,82,1700,12.4,0.517,0.319,0.204,2.0,10.0,6.0,9.9,1.7,1.4,9.4,18.8,1.1,2.3,3.4,0.096,-1.2,0.8,-0.4,0.7,False
bryanko01,Kobe Bryant,SHOOTING GUARD,31,LOS ANGELES LAKERS,73,2835,21.9,0.545,0.192,0.345,3.1,12.2,7.7,23.8,2.1,0.5,11.4,32.3,5.4,4.0,9.4,0.16,3.9,0.2,4.1,4.4,False
budinch01,Chase Budinger,SMALL FORWARD,21,HOUSTON ROCKETS,74,1488,14.1,0.545,0.441,0.154,2.8,14.6,8.5,9.7,1.2,0.5,7.4,19.4,1.9,1.2,3.1,0.1,1.1,-0.7,0.5,0.9,False
butleca01,Caron Butler,SMALL FORWARD,29,WASHINGTON WIZARDS,47,1853,13.5,0.506,0.137,0.304,4.2,15.6,9.8,9.6,1.9,0.6,12.6,22.0,0.4,1.7,2.1,0.054,-1.1,-0.2,-1.3,0.3,False
butleca01,Caron Butler,SHOOTING GUARD,29,DALLAS MAVERICKS,27,930,14.2,0.509,0.14,0.291,4.5,13.3,8.9,8.5,2.7,0.7,10.5,22.3,0.2,1.2,1.4,0.075,-1.6,0.3,-1.3,0.2,False
butlera01,Rasual Butler,SMALL FORWARD,30,LOS ANGELES CLIPPERS,82,2702,10.7,0.524,0.497,0.167,1.7,8.7,5.1,6.8,0.7,1.9,7.8,17.0,1.8,0.9,2.7,0.048,-0.8,-1.1,-1.9,0.1,False
bynuman01,Andrew Bynum,CENTER,22,LOS ANGELES LAKERS,65,1977,20.2,0.608,0.001,0.379,10.1,20.4,15.3,5.8,0.9,3.6,12.5,20.8,4.4,3.4,7.8,0.188,1.1,0.4,1.5,1.8,False
bynumwi01,Will Bynum,POINT GUARD,27,DETROIT PISTONS,63,1667,13.8,0.513,0.103,0.333,1.6,9.2,5.2,28.2,1.8,0.4,15.8,20.1,1.3,0.6,1.9,0.054,-1.0,-1.3,-2.2,-0.1,False
caldejo01,José Calderón,POINT GUARD,28,TORONTO RAPTORS,68,1817,16.5,0.569,0.301,0.183,1.5,7.5,4.6,33.8,1.3,0.3,13.9,17.9,4.2,0.0,4.2,0.111,2.5,-1.9,0.6,1.2,False
cambyma01,Marcus Camby,POWER FORWARD,35,LOS ANGELES CLIPPERS,51,1596,18.3,0.497,0.017,0.256,12.0,32.9,22.4,14.4,2.2,4.6,13.9,13.0,1.7,2.8,4.6,0.137,0.8,2.7,3.5,2.2,False
cambyma01,Marcus Camby,CENTER,35,PORTLAND TRAIL BLAZERS,23,718,17.0,0.511,0.007,0.214,14.2,29.9,22.0,7.5,2.0,5.2,14.5,12.3,0.8,1.5,2.3,0.152,0.4,2.5,2.9,0.9,False
cardibr01,Brian Cardinal,POWER FORWARD,32,MINNESOTA TIMBERWOLVES,29,267,6.9,0.546,0.25,0.5,2.9,9.4,6.1,12.3,1.7,0.8,13.7,8.3,0.3,0.1,0.4,0.071,-5.3,0.9,-4.4,-0.2,False
carnero01,Rodney Carney,SHOOTING GUARD,25,PHILADELPHIA 76ERS,68,857,12.7,0.515,0.479,0.223,3.5,15.5,9.4,6.7,1.5,1.8,6.3,17.6,0.9,0.6,1.5,0.082,-0.6,-0.7,-1.3,0.2,False
carrode01,DeMarre Carroll,SMALL FORWARD,23,MEMPHIS GRIZZLIES,71,795,8.5,0.426,0.027,0.239,7.8,14.3,11.0,5.9,1.8,0.9,8.9,14.8,-0.1,0.6,0.5,0.031,-3.8,-0.4,-4.2,-0.4,False
carroma01,Matt Carroll,SHOOTING GUARD,29,DALLAS MAVERICKS,25,121,7.1,0.437,0.38,0.12,3.8,7.5,5.7,7.7,2.1,0.0,11.7,22.7,-0.2,0.1,-0.1,-0.029,-6.1,-1.5,-7.6,-0.2,False
cartean01,Anthony Carter,POINT GUARD,34,DENVER NUGGETS,54,859,10.3,0.482,0.348,0.072,2.3,9.6,6.0,26.6,2.3,1.1,23.7,12.6,0.1,0.8,0.9,0.051,-1.7,0.9,-0.8,0.3,False
cartevi01,Vince Carter,SHOOTING GUARD,33,ORLANDO MAGIC,75,2310,17.1,0.541,0.319,0.301,1.7,12.6,7.3,17.8,1.2,0.6,8.4,25.2,4.4,3.0,7.4,0.154,1.6,0.4,2.0,2.3,False
casspom01,Omri Casspi,SMALL FORWARD,21,SACRAMENTO KINGS,77,1931,13.0,0.529,0.302,0.259,4.4,16.5,10.4,7.7,1.4,0.6,11.6,19.4,1.1,1.4,2.5,0.063,-0.3,-0.8,-1.1,0.4,False
chalmma01,Mario Chalmers,POINT GUARD,23,MIAMI HEAT,73,1807,10.7,0.519,0.52,0.242,1.6,7.1,4.4,21.0,2.7,0.5,19.7,16.3,0.3,2.4,2.7,0.072,-2.3,1.1,-1.3,0.3,False
chandty01,Tyson Chandler,CENTER,27,CHARLOTTE BOBCATS,51,1163,12.5,0.643,0.0,0.826,12.0,21.0,16.6,2.2,0.8,3.9,26.0,14.0,0.9,2.0,2.9,0.12,-3.1,1.1,-2.0,0.0,False
chandwi01,Wilson Chandler,SHOOTING GUARD,22,NEW YORK KNICKS,65,2320,13.7,0.534,0.174,0.186,4.5,12.7,8.5,9.8,1.0,1.6,10.4,20.2,1.8,0.9,2.7,0.057,-1.0,-1.1,-2.1,0.0,False
clarkea01,Earl Clark,POWER FORWARD,22,PHOENIX SUNS,51,383,8.5,0.42,0.033,0.238,5.6,12.3,9.1,7.8,0.9,2.4,12.1,21.9,-0.5,0.2,-0.3,-0.033,-3.9,-1.6,-5.5,-0.3,False
collija03,Jarron Collins,CENTER,31,PHOENIX SUNS,34,261,3.7,0.405,0.0,0.806,10.1,16.4,13.4,2.9,0.4,0.8,19.2,8.8,-0.1,0.1,0.1,0.01,-5.4,-1.3,-6.7,-0.3,False
collija04,Jason Collins,CENTER,31,ATLANTA HAWKS,24,115,0.9,0.335,0.043,0.087,5.0,9.2,7.1,4.8,1.4,1.3,17.3,11.6,-0.2,0.1,-0.1,-0.044,-8.3,-0.5,-8.8,-0.2,False
collima01,Mardy Collins,SHOOTING GUARD,25,LOS ANGELES CLIPPERS,43,470,5.7,0.404,0.133,0.164,3.2,9.2,6.2,14.1,2.5,0.2,18.9,16.3,-0.8,0.3,-0.5,-0.049,-6.3,0.5,-5.8,-0.4,False
collida01,Darren Collison,POINT GUARD,22,NEW ORLEANS HORNETS,76,2109,16.5,0.546,0.146,0.221,2.2,8.6,5.3,32.9,1.9,0.1,18.9,23.1,1.9,1.1,2.9,0.067,0.9,-1.8,-0.8,0.6,False
collini01,Nick Collison,CENTER,29,OKLAHOMA CITY THUNDER,75,1557,13.1,0.616,0.013,0.346,11.5,16.7,14.2,3.7,1.2,2.3,15.0,12.1,2.6,2.2,4.7,0.146,-1.9,0.8,-1.2,0.3,False
conlemi01,Mike Conley,POINT GUARD,22,MEMPHIS GRIZZLIES,80,2569,13.9,0.526,0.255,0.225,1.4,7.3,4.3,24.8,2.2,0.4,15.7,18.4,2.6,1.3,4.0,0.074,0.0,-0.6,-0.6,0.9,False
conrowi01,Will Conroy,POINT GUARD,27,HOUSTON ROCKETS,5,36,-2.4,0.276,0.3,0.2,0.0,9.9,4.8,28.0,0.0,0.0,26.9,18.3,-0.2,0.0,-0.1,-0.192,-10.7,-2.8,-13.5,-0.1,False
cookbr01,Brian Cook,POWER FORWARD,29,HOUSTON ROCKETS,15,44,2.4,0.403,0.391,0.304,2.5,21.6,11.7,3.7,0.0,3.3,18.7,32.2,-0.2,0.0,-0.2,-0.191,-8.9,-2.4,-11.3,-0.1,False
cookda02,Daequan Cook,SHOOTING GUARD,22,MIAMI HEAT,45,691,7.5,0.422,0.498,0.099,1.5,12.3,7.0,9.8,1.1,1.2,8.3,19.6,-0.7,0.8,0.1,0.01,-2.9,-0.4,-3.3,-0.2,False
crawfja01,Jamal Crawford,SHOOTING GUARD,29,ATLANTA HAWKS,79,2460,18.4,0.573,0.386,0.285,1.6,8.0,4.8,16.1,1.3,0.4,9.9,25.8,5.6,1.7,7.3,0.143,3.5,-1.1,2.4,2.7,False
cunnida01,Dante Cunningham,POWER FORWARD,22,PORTLAND TRAIL BLAZERS,63,707,14.3,0.517,0.009,0.224,9.4,18.7,14.0,3.3,1.9,2.5,6.0,16.8,0.9,1.0,1.9,0.129,-2.0,0.2,-1.8,0.0,False
curryed01,Eddy Curry,CENTER,27,NEW YORK KNICKS,7,62,-1.9,0.456,0.0,0.81,7.2,16.8,11.9,0.0,0.0,1.2,31.3,30.2,-0.4,0.0,-0.3,-0.258,-14.4,-4.1,-18.5,-0.3,False
curryja01,JamesOn Curry,POINT GUARD,24,LOS ANGELES CLIPPERS,1,0,0.0,0.0,0.0,0.0,0.0,0.0,0.0,0.0,0.0,0.0,0.0,0.0,0.0,0.0,0.0,0.0,-6.4,-0.6,-7.0,0.0,False
curryst01,Stephen Curry,POINT GUARD,21,GOLDEN STATE WARRIORS,80,2896,16.3,0.568,0.332,0.175,1.8,12.0,6.8,24.6,2.5,0.5,16.5,21.8,3.0,1.6,4.7,0.077,1.1,-0.5,0.7,2.0,False
dalemsa01,Samuel Dalembert,CENTER,28,PHILADELPHIA 76ERS,82,2124,16.8,0.573,0.0,0.254,13.1,30.7,21.8,4.7,1.0,5.6,17.5,15.1,2.3,3.0,5.2,0.118,-1.2,0.3,-0.9,0.6,False
dampier01,Erick Dampier,CENTER,34,DALLAS MAVERICKS,55,1280,14.0,0.637,0.014,0.474,11.6,24.1,17.9,3.5,0.6,4.5,19.2,11.4,1.8,2.0,3.7,0.14,-1.6,1.0,-0.6,0.5,False
daniema01,Marquis Daniels,SMALL FORWARD,29,BOSTON CELTICS,51,937,9.6,0.526,0.112,0.225,3.6,8.7,6.2,11.1,1.5,0.5,13.3,15.8,0.2,1.0,1.3,0.064,-2.9,0.2,-2.7,-0.2,False
davisba01,Baron Davis,POINT GUARD,30,LOS ANGELES CLIPPERS,75,2523,17.4,0.501,0.292,0.287,2.4,9.9,6.1,39.6,2.6,1.3,15.6,24.3,2.5,2.1,4.5,0.086,1.5,0.0,1.5,2.2,False
davisgl01,Glen Davis,POWER FORWARD,24,BOSTON CELTICS,54,933,11.5,0.5,0.014,0.495,13.7,13.3,13.5,5.9,1.2,1.2,13.5,19.7,0.5,1.2,1.6,0.084,-3.2,-1.3,-4.5,-0.6,False
davispa01,Paul Davis,POWER FORWARD,25,WASHINGTON WIZARDS,2,8,33.3,0.512,0.0,0.5,0.0,0.0,0.0,73.8,0.0,9.5,0.0,27.6,0.0,0.0,0.0,0.295,11.9,6.3,18.2,0.0,False
davisri01,Ricky Davis,SMALL FORWARD,30,LOS ANGELES CLIPPERS,36,499,8.5,0.504,0.294,0.217,2.3,11.0,6.6,12.3,1.1,0.4,15.6,16.8,-0.1,0.2,0.1,0.005,-3.0,-0.9,-4.0,-0.2,False
dayeau01,Austin Daye,SMALL FORWARD,21,DETROIT PISTONS,69,915,12.8,0.546,0.322,0.19,4.2,19.8,11.5,6.3,1.5,2.4,13.1,18.5,0.6,0.7,1.3,0.067,-1.7,-0.1,-1.8,0.1,False
delfica01,Carlos Delfino,SMALL FORWARD,27,MILWAUKEE BUCKS,75,2279,12.9,0.526,0.499,0.163,2.4,18.0,9.8,14.0,1.8,0.7,13.2,18.0,1.1,3.7,4.8,0.101,-0.1,1.5,1.5,2.0,False
denglu01,Luol Deng,SMALL FORWARD,24,CHICAGO BULLS,70,2651,16.1,0.531,0.082,0.325,5.6,15.8,10.7,9.1,1.3,1.8,10.4,21.9,2.5,3.4,5.9,0.106,0.7,0.3,1.0,2.0,False
derozde01,DeMar DeRozan,SHOOTING GUARD,20,TORONTO RAPTORS,77,1664,12.5,0.554,0.031,0.379,4.8,10.9,7.9,4.9,1.3,0.8,9.4,18.1,2.0,0.3,2.3,0.066,-1.5,-1.3,-2.8,-0.3,False
diawbo01,Boris Diaw,POWER FORWARD,27,CHARLOTTE BOBCATS,82,2906,12.8,0.552,0.266,0.19,5.5,11.9,8.8,18.9,1.1,1.6,17.5,16.2,2.4,3.8,6.2,0.103,-0.1,0.9,0.8,2.0,False
diawaya01,Yakhouba Diawara,SHOOTING GUARD,27,MIAMI HEAT,6,44,-3.7,0.25,0.6,0.0,2.7,8.0,5.3,9.7,1.2,0.0,23.1,13.9,-0.2,0.0,-0.1,-0.124,-10.5,-0.9,-11.4,-0.1,False
dienetr01,Travis Diener,POINT GUARD,27,INDIANA PACERS,4,25,7.9,0.218,0.833,0.333,0.0,8.8,4.4,22.0,5.9,0.0,0.0,12.1,0.0,0.0,0.0,-0.005,-5.4,4.1,-1.3,0.0,False
dienetr01,Travis Diener,POINT GUARD,27,PORTLAND TRAIL BLAZERS,5,26,7.3,0.307,0.5,0.5,0.0,4.8,2.4,21.7,2.1,0.0,0.0,8.9,0.0,0.0,0.0,0.043,-3.8,0.2,-3.7,0.0,False
diopde01,DeSagana Diop,CENTER,28,CHARLOTTE BOBCATS,27,262,7.8,0.485,0.0,0.31,11.2,18.5,15.0,2.9,1.0,4.4,26.7,8.0,-0.1,0.5,0.4,0.072,-3.6,1.5,-2.1,0.0,False
doolike01,Keyon Dooling,POINT GUARD,29,NEW JERSEY NETS,53,971,11.6,0.519,0.485,0.188,0.9,5.7,3.2,24.0,1.8,0.0,14.4,19.4,0.4,0.3,0.7,0.035,-1.2,-1.6,-2.8,-0.2,False
dorsejo01,Joey Dorsey,POWER FORWARD,26,HOUSTON ROCKETS,7,54,11.5,0.463,0.0,0.182,22.5,30.8,26.5,5.4,1.9,1.3,25.2,13.0,0.0,0.1,0.1,0.088,-4.6,0.4,-4.1,0.0,False
dorsejo01,Joey Dorsey,POWER FORWARD,26,SACRAMENTO KINGS,8,52,7.9,0.448,0.0,1.111,10.9,29.0,19.8,0.0,1.0,1.4,13.0,13.1,0.0,0.1,0.0,0.035,-5.7,-0.7,-6.4,-0.1,False
douglto01,Toney Douglas,POINT GUARD,23,NEW YORK KNICKS,56,1087,14.9,0.571,0.448,0.174,4.1,7.2,5.6,16.6,2.0,0.2,11.6,19.8,1.8,0.4,2.2,0.097,0.5,-0.8,-0.4,0.5,False
douglch01,Chris Douglas-Roberts,SMALL FORWARD,23,NEW JERSEY NETS,67,1730,11.5,0.512,0.094,0.274,2.9,10.7,6.6,9.5,1.7,0.8,13.1,19.6,-0.2,0.9,0.7,0.02,-2.2,-0.9,-3.2,-0.5,False
dragigo01,Goran Dragić,POINT GUARD,23,PHOENIX SUNS,80,1442,14.8,0.566,0.383,0.324,3.2,9.8,6.7,24.1,1.7,0.4,18.3,21.1,2.0,0.8,2.8,0.094,0.8,-0.7,0.1,0.8,False
dudleja01,Jared Dudley,SMALL FORWARD,24,PHOENIX SUNS,82,1991,13.6,0.612,0.535,0.282,5.9,9.8,8.0,7.9,2.0,0.6,11.0,13.7,4.0,1.3,5.3,0.129,1.4,0.7,2.1,2.1,False
duhonch01,Chris Duhon,POINT GUARD,27,NEW YORK KNICKS,67,2072,10.7,0.501,0.572,0.211,1.5,8.4,4.9,25.9,1.5,0.1,18.2,13.1,1.5,0.5,1.9,0.045,-1.2,-1.3,-2.5,-0.3,False
duncati01,Tim Duncan,CENTER,33,SAN ANTONIO SPURS,78,2438,24.7,0.56,0.01,0.346,10.8,26.8,18.9,17.8,1.0,3.5,10.1,26.0,6.4,4.5,10.9,0.215,4.4,1.8,6.1,5.0,False
dunlemi02,Mike Dunleavy,SMALL FORWARD,29,INDIANA PACERS,67,1486,13.1,0.531,0.423,0.283,1.8,15.6,8.7,11.3,1.3,0.7,10.3,20.7,0.8,1.5,2.3,0.075,-0.5,-0.4,-0.8,0.4,False
duranke01,Kevin Durant,SMALL FORWARD,21,OKLAHOMA CITY THUNDER,82,3239,26.2,0.607,0.21,0.504,3.8,17.9,11.0,13.5,1.8,1.9,11.7,32.0,11.1,5.0,16.1,0.238,6.3,0.8,7.1,7.5,False
ellinwa01,Wayne Ellington,SHOOTING GUARD,22,MINNESOTA TIMBERWOLVES,76,1384,9.6,0.527,0.362,0.156,2.6,10.4,6.4,8.3,0.7,0.3,13.4,17.4,0.3,0.1,0.4,0.014,-1.6,-1.9,-3.5,-0.5,False
ellismo01,Monta Ellis,SHOOTING GUARD,24,GOLDEN STATE WARRIORS,64,2647,16.7,0.517,0.162,0.276,1.9,9.0,5.4,21.2,2.6,0.7,13.4,29.5,0.0,1.3,1.3,0.023,0.1,-1.5,-1.4,0.4,False
elsonfr01,Francisco Elson,CENTER,33,MILWAUKEE BUCKS,11,62,5.4,0.36,0.0,0.154,8.7,15.4,11.9,4.6,0.8,0.0,6.7,10.9,0.0,0.1,0.1,0.044,-4.9,-0.9,-5.7,-0.1,False
elsonfr01,Francisco Elson,CENTER,33,PHILADELPHIA 76ERS,1,4,6.3,0.301,0.0,1.5,29.0,0.0,14.7,0.0,0.0,0.0,0.0,37.8,0.0,0.0,0.0,-0.326,-2.6,-11.5,-14.0,0.0,False
evansma01,Maurice Evans,SMALL FORWARD,31,ATLANTA HAWKS,79,1317,12.2,0.539,0.43,0.155,5.2,8.5,6.8,5.5,1.4,1.0,4.5,15.4,2.1,1.1,3.1,0.114,-0.4,-0.6,-0.9,0.4,False
evansre01,Reggie Evans,POWER FORWARD,29,TORONTO RAPTORS,28,311,11.4,0.498,0.0,0.87,11.7,27.7,19.9,3.7,2.3,1.0,18.7,17.2,-0.1,0.3,0.2,0.033,-3.5,-1.1,-4.6,-0.2,False
evansty01,Tyreke Evans,SHOOTING GUARD,20,SACRAMENTO KINGS,72,2677,18.2,0.529,0.121,0.399,2.8,13.6,8.1,26.1,2.1,0.7,13.6,26.2,3.3,2.1,5.4,0.097,1.3,0.0,1.3,2.2,False
farmajo01,Jordan Farmar,POINT GUARD,23,LOS ANGELES LAKERS,82,1474,12.3,0.535,0.445,0.165,1.1,8.8,5.0,13.4,1.8,0.6,11.5,19.0,1.0,1.8,2.8,0.093,-0.8,0.5,-0.4,0.6,False
feltora01,Raymond Felton,POINT GUARD,25,CHARLOTTE BOBCATS,80,2643,15.2,0.525,0.184,0.204,2.5,10.5,6.6,29.5,2.5,0.7,15.4,19.2,2.5,4.0,6.5,0.118,0.1,1.5,1.6,2.3,False
fernaru01,Rudy Fernández,SHOOTING GUARD,24,PORTLAND TRAIL BLAZERS,62,1441,13.1,0.54,0.629,0.232,3.0,11.2,7.0,13.8,2.4,0.6,13.4,17.7,1.4,1.6,3.0,0.101,0.6,0.9,1.5,1.3,False
fesenky01,Kyrylo Fesenko,CENTER,23,UTAH JAZZ,49,408,9.7,0.533,0.011,0.6,9.8,16.1,13.1,5.3,0.8,3.7,16.7,15.8,0.1,0.5,0.6,0.07,-4.7,0.2,-4.4,-0.3,False
finlemi01,Michael Finley,SMALL FORWARD,36,SAN ANTONIO SPURS,25,395,6.5,0.461,0.423,0.093,1.5,9.6,5.6,6.8,0.8,0.7,11.4,13.2,-0.2,0.4,0.2,0.026,-2.3,-0.2,-2.6,-0.1,False
finlemi01,Michael Finley,SMALL FORWARD,36,BOSTON CELTICS,21,314,12.1,0.608,0.471,0.069,0.4,12.2,6.4,12.2,0.7,0.5,8.2,14.6,0.4,0.3,0.8,0.115,0.8,-0.5,0.3,0.2,False
fishede01,Derek Fisher,POINT GUARD,35,LOS ANGELES LAKERS,82,2227,9.3,0.499,0.401,0.237,1.3,7.2,4.3,12.9,2.1,0.3,11.2,14.0,1.2,2.7,3.9,0.085,-2.9,1.3,-1.7,0.2,False
flynnjo01,Jonny Flynn,POINT GUARD,20,MINNESOTA TIMBERWOLVES,81,2339,13.0,0.511,0.226,0.284,1.1,8.1,4.6,24.7,1.8,0.1,17.9,24.2,-0.6,0.7,0.1,0.002,-0.8,-2.1,-2.9,-0.5,False
fordtj01,T.J. Ford,POINT GUARD,26,INDIANA PACERS,47,1189,13.4,0.507,0.12,0.323,3.7,10.0,6.8,24.8,1.8,0.7,15.9,21.0,0.3,1.1,1.4,0.058,-1.4,0.0,-1.4,0.2,False
fosteje01,Jeff Foster,CENTER,33,INDIANA PACERS,16,255,9.6,0.49,0.022,0.196,14.4,20.3,17.3,12.1,0.6,1.1,21.9,11.1,0.2,0.3,0.4,0.085,-3.4,0.2,-3.2,-0.1,False
foyera01,Randy Foye,POINT GUARD,26,WASHINGTON WIZARDS,70,1667,13.2,0.516,0.294,0.234,1.1,8.0,4.5,22.6,1.0,0.5,12.1,21.1,1.6,0.7,2.2,0.064,0.0,-1.2,-1.2,0.3,False
fryech01,Channing Frye,CENTER,26,PHOENIX SUNS,81,2190,15.0,0.598,0.558,0.172,3.6,17.6,11.0,7.4,1.5,2.4,8.8,16.7,4.3,2.2,6.4,0.141,1.8,0.9,2.7,2.6,False
gadzuda01,Dan Gadzuric,CENTER,31,MILWAUKEE BUCKS,32,314,10.5,0.44,0.0,0.281,13.1,20.5,16.6,6.0,1.5,3.3,13.0,16.6,-0.1,0.6,0.5,0.077,-5.2,0.7,-4.5,-0.2,False
gainesu01,Sundiata Gaines,POINT GUARD,23,UTAH JAZZ,32,217,17.3,0.518,0.317,0.561,3.4,12.2,7.9,28.0,2.8,0.0,12.0,24.0,0.3,0.3,0.5,0.121,0.6,0.5,1.1,0.2,False
gallida01,Danilo Gallinari,SMALL FORWARD,21,NEW YORK KNICKS,81,2747,14.8,0.575,0.526,0.331,2.6,14.0,8.2,7.6,1.4,1.6,9.4,19.3,4.1,1.5,5.6,0.098,1.2,-0.7,0.5,1.7,False
garcifr01,Francisco García,SHOOTING GUARD,28,SACRAMENTO KINGS,25,575,12.4,0.55,0.335,0.097,2.2,11.1,6.6,12.1,0.9,2.4,10.3,15.7,0.6,0.3,1.0,0.081,0.1,0.2,0.3,0.3,False
garneke01,Kevin Garnett,POWER FORWARD,33,BOSTON CELTICS,69,2060,19.4,0.569,0.006,0.286,4.8,24.8,15.1,15.7,1.7,2.2,10.4,22.1,3.6,3.8,7.3,0.171,1.5,1.9,3.5,2.9,False
gasolma01,Marc Gasol,CENTER,25,MEMPHIS GRIZZLIES,69,2469,19.3,0.617,0.002,0.578,9.8,20.5,15.1,10.2,1.4,3.4,14.2,16.9,5.9,2.5,8.4,0.164,1.8,1.1,2.8,3.0,False
gasolpa01,Pau Gasol,CENTER,29,LOS ANGELES LAKERS,65,2403,22.9,0.593,0.006,0.429,11.4,22.7,17.1,15.0,0.8,3.5,12.5,21.4,6.8,4.2,11.0,0.22,3.7,1.3,4.9,4.2,False
gayru01,Rudy Gay,SMALL FORWARD,23,MEMPHIS GRIZZLIES,80,3175,16.2,0.535,0.157,0.311,4.2,13.2,8.7,7.8,1.9,1.5,10.3,22.5,4.0,2.4,6.4,0.096,0.8,-0.3,0.5,2.0,False
geeal01,Alonzo Gee,SHOOTING GUARD,22,WASHINGTON WIZARDS,11,182,16.2,0.564,0.153,0.492,9.3,11.6,10.4,6.4,2.0,0.4,12.2,20.4,0.3,0.1,0.4,0.108,1.7,-0.1,1.6,0.2,False
georgde01,Devean George,SMALL FORWARD,32,GOLDEN STATE WARRIORS,45,761,11.6,0.56,0.597,0.112,3.0,13.8,8.3,5.8,2.6,0.9,6.5,13.0,0.8,0.5,1.3,0.084,-0.9,0.1,-0.8,0.2,False
gibsoda01,Daniel Gibson,POINT GUARD,23,CLEVELAND CAVALIERS,56,1068,11.3,0.613,0.556,0.183,1.5,6.4,4.1,9.8,1.2,0.5,11.1,14.2,1.6,1.0,2.6,0.117,0.0,0.0,0.0,0.5,False
gibsota01,Taj Gibson,POWER FORWARD,24,CHICAGO BULLS,82,2204,13.8,0.521,0.0,0.278,11.6,19.2,15.4,5.0,1.2,3.6,13.9,16.7,1.2,3.5,4.7,0.103,-2.4,0.5,-2.0,0.0,False
giddejr01,J.R. Giddens,SMALL FORWARD,24,BOSTON CELTICS,21,99,7.3,0.457,0.095,0.571,5.1,19.3,12.4,8.9,2.1,0.8,21.0,15.8,-0.1,0.2,0.0,0.015,-5.4,0.9,-4.5,-0.1,False
giddejr01,J.R. Giddens,SMALL FORWARD,24,NEW YORK KNICKS,11,140,10.5,0.513,0.205,0.282,9.6,15.7,12.6,7.7,1.8,0.5,18.6,17.4,0.0,0.1,0.1,0.026,-3.8,-1.1,-4.9,-0.1,False
gildetr01,Trey Gilder,SMALL FORWARD,25,MEMPHIS GRIZZLIES,2,5,30.9,1.0,0.0,0.0,0.0,23.4,11.7,0.0,10.3,0.0,0.0,8.8,0.0,0.0,0.0,0.336,7.6,13.6,21.2,0.0,False
ginobma01,Manu Ginóbili,SHOOTING GUARD,32,SAN ANTONIO SPURS,75,2150,22.5,0.584,0.388,0.393,3.8,11.6,7.7,28.2,2.5,0.8,12.7,25.8,6.5,3.2,9.7,0.216,5.1,1.6,6.7,4.7,False
gomesry01,Ryan Gomes,SMALL FORWARD,27,MINNESOTA TIMBERWOLVES,76,2210,12.1,0.528,0.272,0.172,3.8,14.0,8.8,8.8,1.4,0.5,10.8,17.4,1.5,0.9,2.4,0.052,-1.0,-0.8,-1.8,0.1,False
goodedr01,Drew Gooden,CENTER,28,DALLAS MAVERICKS,46,1030,16.1,0.528,0.018,0.342,13.9,21.2,17.6,4.0,1.3,3.6,12.7,19.8,1.1,1.6,2.7,0.125,-1.8,-0.4,-2.3,-0.1,False
goodedr01,Drew Gooden,POWER FORWARD,28,LOS ANGELES CLIPPERS,24,725,18.0,0.572,0.008,0.38,13.4,22.8,18.1,5.0,1.1,0.8,14.3,22.6,1.1,0.6,1.7,0.114,-0.2,-1.7,-1.9,0.0,False
gordobe01,Ben Gordon,SHOOTING GUARD,26,DETROIT PISTONS,62,1730,14.0,0.534,0.335,0.329,1.7,7.0,4.2,16.7,1.5,0.3,12.9,24.5,1.8,0.4,2.1,0.059,0.3,-1.8,-1.4,0.2,False
gordoer01,Eric Gordon,SHOOTING GUARD,21,LOS ANGELES CLIPPERS,62,2229,14.1,0.571,0.409,0.381,1.3,7.1,4.2,13.8,1.6,0.5,13.6,21.5,2.3,0.9,3.2,0.069,0.1,-1.0,-0.9,0.6,False
gortama01,Marcin Gortat,CENTER,25,ORLANDO MAGIC,81,1088,13.9,0.563,0.013,0.33,11.5,24.3,18.1,2.4,0.8,4.8,15.0,13.0,1.2,2.2,3.4,0.151,-1.7,1.7,0.1,0.6,False
grahajo01,Joey Graham,SMALL FORWARD,27,DENVER NUGGETS,63,759,10.6,0.568,0.064,0.361,6.0,12.7,9.3,4.5,1.5,0.7,15.5,16.2,0.5,0.6,1.1,0.072,-2.6,-0.3,-3.0,-0.2,False
grahast01,Stephen Graham,SHOOTING GUARD,27,CHARLOTTE BOBCATS,70,804,11.2,0.551,0.208,0.271,3.7,16.3,10.1,5.0,1.3,1.0,11.8,17.6,0.4,1.2,1.6,0.094,-2.4,0.8,-1.6,0.1,False
grangda01,Danny Granger,SMALL FORWARD,26,INDIANA PACERS,62,2278,19.8,0.564,0.385,0.376,3.2,13.3,8.2,13.6,2.0,1.6,10.6,28.7,3.5,2.7,6.2,0.131,3.1,0.0,3.1,2.9,False
grayaa01,Aaron Gray,CENTER,25,CHICAGO BULLS,8,50,7.0,0.374,0.0,0.333,11.3,24.1,17.8,6.5,0.0,0.0,4.0,22.5,-0.1,0.1,0.0,-0.013,-5.5,-3.2,-8.7,-0.1,False
grayaa01,Aaron Gray,CENTER,25,NEW ORLEANS HORNETS,24,261,18.4,0.612,0.0,0.344,17.7,22.9,20.2,11.4,1.8,3.2,19.5,15.3,0.6,0.3,0.9,0.172,-0.3,0.4,0.1,0.1,False
greenda02,Danny Green,SHOOTING GUARD,22,CLEVELAND CAVALIERS,20,115,12.3,0.48,0.564,0.154,8.7,8.9,8.8,6.7,2.7,2.0,10.7,18.9,0.0,0.2,0.2,0.083,-0.9,0.7,-0.2,0.1,False
greenje02,Jeff Green,POWER FORWARD,23,OKLAHOMA CITY THUNDER,82,3043,13.8,0.53,0.292,0.208,4.3,13.9,9.2,7.2,1.8,1.8,10.4,19.2,2.5,4.2,6.6,0.105,-0.4,0.6,0.2,1.7,False
greenwi01,Willie Green,SHOOTING GUARD,28,PHILADELPHIA 76ERS,73,1553,12.8,0.538,0.25,0.21,1.5,8.4,4.9,15.8,1.1,0.6,10.1,19.4,1.8,0.3,2.2,0.067,-0.7,-1.5,-2.2,-0.1,False
greendo01,Donté Greene,SMALL FORWARD,21,SACRAMENTO KINGS,76,1630,11.6,0.526,0.331,0.253,3.7,12.9,8.2,6.8,1.3,2.4,13.1,19.2,0.3,1.2,1.5,0.044,-1.2,-0.4,-1.6,0.1,False
griffta01,Taylor Griffin,SMALL FORWARD,23,PHOENIX SUNS,8,32,5.2,0.425,0.2,0.4,0.0,6.7,3.5,4.3,0.0,4.4,7.8,17.6,0.0,0.0,0.0,-0.039,-6.2,-1.9,-8.1,-0.1,False
haddaha01,Hamed Haddadi,CENTER,24,MEMPHIS GRIZZLIES,36,240,7.2,0.441,0.048,0.306,12.6,23.9,18.2,5.9,0.2,4.4,22.1,16.5,-0.2,0.2,0.0,-0.002,-7.0,-0.2,-7.2,-0.3,False
hairsma01,Malik Hairston,SHOOTING GUARD,22,SAN ANTONIO SPURS,47,317,11.6,0.555,0.145,0.395,4.9,13.1,9.1,7.5,0.7,2.0,11.0,14.5,0.3,0.4,0.7,0.107,-2.2,0.3,-1.9,0.0,False
haislma01,Marcus Haislip,SMALL FORWARD,29,SAN ANTONIO SPURS,10,44,15.4,0.539,0.238,0.238,10.9,15.7,13.3,0.0,0.0,3.3,11.5,27.3,0.0,0.1,0.1,0.065,-0.3,-1.9,-2.2,0.0,False
hamilri01,Richard Hamilton,SHOOTING GUARD,31,DETROIT PISTONS,46,1552,14.9,0.505,0.192,0.336,2.2,7.7,4.8,23.5,1.0,0.2,12.3,27.9,1.2,0.1,1.4,0.043,0.6,-2.7,-2.1,0.0,False
hansbty01,Tyler Hansbrough,POWER FORWARD,24,INDIANA PACERS,29,511,14.6,0.448,0.018,0.502,12.7,16.8,14.7,9.0,1.6,1.1,7.1,25.5,0.1,0.6,0.7,0.07,-2.2,-1.2,-3.3,-0.2,False
hardeja01,James Harden,SHOOTING GUARD,20,OKLAHOMA CITY THUNDER,76,1738,14.0,0.551,0.429,0.415,3.2,12.7,8.1,12.3,2.4,0.9,13.4,20.4,2.0,2.5,4.5,0.124,-0.7,1.2,0.5,1.1,False
harrial01,Al Harrington,POWER FORWARD,29,NEW YORK KNICKS,72,2195,16.8,0.546,0.397,0.308,4.5,16.7,10.5,8.6,1.4,0.9,10.1,26.8,2.2,1.3,3.5,0.077,0.8,-1.6,-0.8,0.6,False
harride01,Devin Harris,POINT GUARD,26,NEW JERSEY NETS,64,2221,16.2,0.512,0.245,0.437,1.2,9.7,5.3,34.6,1.9,0.6,14.7,25.5,1.5,1.2,2.7,0.057,0.7,-1.5,-0.8,0.7,False
harrimi01,Mike Harris,POWER FORWARD,26,HOUSTON ROCKETS,8,82,6.4,0.404,0.037,0.333,12.1,16.0,14.0,5.6,2.5,0.9,22.5,21.6,-0.2,0.1,-0.1,-0.073,-6.8,-2.0,-8.8,-0.1,False
harrimi01,Mike Harris,POWER FORWARD,26,WASHINGTON WIZARDS,5,14,11.9,0.515,0.0,0.667,8.1,25.0,16.4,0.0,3.7,0.0,0.0,12.6,0.0,0.0,0.1,0.179,-4.7,2.3,-2.4,0.0,False
hartja01,Jason Hart,POINT GUARD,31,MINNESOTA TIMBERWOLVES,1,5,9.3,0.0,0.0,0.0,0.0,0.0,0.0,25.5,10.0,0.0,0.0,8.7,0.0,0.0,0.0,-0.028,-6.1,9.9,3.8,0.0,False
hartja01,Jason Hart,POINT GUARD,31,NEW ORLEANS HORNETS,4,17,8.5,1.0,0.0,0.0,0.0,14.1,6.9,39.6,3.0,4.5,75.0,10.8,0.0,0.0,0.0,0.004,-5.9,4.0,-1.8,0.0,False
hasleud01,Udonis Haslem,POWER FORWARD,29,MIAMI HEAT,78,2177,14.6,0.538,0.0,0.305,9.1,24.8,17.0,3.9,0.7,0.9,9.5,17.1,2.8,3.2,6.0,0.132,-0.8,-0.8,-1.7,0.2,False
hassetr01,Trenton Hassell,SMALL FORWARD,30,NEW JERSEY NETS,52,1106,6.5,0.465,0.023,0.315,5.6,10.5,7.9,7.2,0.8,0.6,15.9,12.3,-0.4,0.3,-0.1,-0.003,-4.2,-1.1,-5.3,-0.9,False
hawessp01,Spencer Hawes,CENTER,21,SACRAMENTO KINGS,72,1904,13.8,0.507,0.131,0.159,8.6,17.7,13.1,13.2,0.9,3.2,15.5,19.6,0.5,1.6,2.1,0.054,-1.2,0.1,-1.2,0.4,False
hayesch01,Chuck Hayes,CENTER,26,HOUSTON ROCKETS,82,1773,11.7,0.5,0.0,0.201,9.4,21.1,15.0,11.4,2.1,1.8,17.1,10.8,1.2,2.4,3.6,0.098,-2.2,2.0,-0.2,0.8,False
hayesja01,Jarvis Hayes,SMALL FORWARD,28,NEW JERSEY NETS,45,1033,9.7,0.521,0.546,0.055,1.0,11.5,6.0,6.7,1.5,0.6,7.7,16.2,0.3,0.5,0.8,0.038,-2.2,-0.7,-2.9,-0.2,False
haywobr01,Brendan Haywood,CENTER,30,WASHINGTON WIZARDS,49,1614,16.2,0.591,0.0,0.472,14.1,22.2,18.1,1.7,0.6,4.8,14.2,13.2,2.6,1.9,4.5,0.133,-0.2,-0.2,-0.4,0.7,False
haywobr01,Brendan Haywood,CENTER,30,DALLAS MAVERICKS,28,741,16.1,0.582,0.006,0.558,12.2,19.9,16.1,5.0,0.6,5.8,14.1,14.0,1.1,1.1,2.2,0.144,-0.4,1.0,0.6,0.5,False
headlu01,Luther Head,SHOOTING GUARD,27,INDIANA PACERS,47,813,11.5,0.53,0.338,0.186,0.8,10.0,5.4,14.8,1.1,0.8,13.8,21.2,-0.1,0.6,0.6,0.034,-1.5,-0.9,-2.4,-0.1,False
hendege02,Gerald Henderson,SHOOTING GUARD,22,CHARLOTTE BOBCATS,43,355,9.7,0.453,0.183,0.452,5.2,13.3,9.3,6.0,1.5,2.1,10.1,18.2,-0.1,0.5,0.4,0.056,-3.1,0.5,-2.5,0.0,False
hibbero01,Roy Hibbert,CENTER,23,INDIANA PACERS,81,2035,16.2,0.537,0.008,0.286,9.4,15.5,12.4,13.5,0.7,4.6,14.1,22.2,1.6,2.5,4.1,0.098,-1.5,0.6,-0.9,0.6,False
hicksjj01,J.J. Hickson,POWER FORWARD,21,CLEVELAND CAVALIERS,81,1691,15.2,0.58,0.002,0.312,8.2,19.5,14.1,3.9,1.1,1.8,13.4,18.9,1.8,2.5,4.3,0.123,-1.0,-0.4,-1.4,0.3,False
hilarne01,Nenê,CENTER,27,DENVER NUGGETS,82,2755,18.9,0.631,0.003,0.58,7.0,19.1,13.1,11.6,2.1,2.2,12.2,16.5,7.1,3.7,10.8,0.188,1.6,1.6,3.2,3.6,False
hillge01,George Hill,POINT GUARD,23,SAN ANTONIO SPURS,78,2276,14.7,0.572,0.255,0.321,2.2,8.2,5.3,15.5,1.6,0.8,10.7,19.0,4.1,2.6,6.7,0.142,0.0,0.9,0.9,1.7,False
hillgr01,Grant Hill,SMALL FORWARD,37,PHOENIX SUNS,81,2430,14.0,0.561,0.114,0.357,3.6,16.3,10.3,11.2,1.2,1.0,11.7,16.8,3.7,1.8,5.5,0.109,0.3,0.3,0.6,1.6,False
hilljo01,Jordan Hill,POWER FORWARD,22,NEW YORK KNICKS,24,252,14.0,0.479,0.022,0.228,14.2,13.3,13.8,4.5,2.0,2.7,10.6,20.3,0.1,0.2,0.3,0.059,-3.0,-1.6,-4.6,-0.2,False
hilljo01,Jordan Hill,POWER FORWARD,22,HOUSTON ROCKETS,23,372,15.7,0.567,0.0,0.431,13.1,22.4,17.6,5.6,0.5,2.3,12.2,17.6,0.6,0.4,1.0,0.135,-1.4,-1.3,-2.7,-0.1,False
hinriki01,Kirk Hinrich,SHOOTING GUARD,29,CHICAGO BULLS,74,2481,11.6,0.501,0.372,0.15,1.1,10.4,5.8,20.5,1.8,0.7,12.3,16.6,1.2,2.8,4.0,0.077,-1.6,1.0,-0.5,0.9,False
holidjr01,Jrue Holiday,POINT GUARD,19,PHILADELPHIA 76ERS,73,1767,12.3,0.526,0.306,0.165,3.7,9.1,6.4,24.4,2.3,0.8,21.9,18.4,0.2,1.0,1.2,0.032,-1.1,-0.6,-1.7,0.1,False
holliry01,Ryan Hollins,CENTER,25,MINNESOTA TIMBERWOLVES,73,1223,11.0,0.6,0.003,0.521,7.1,11.9,9.5,6.4,0.8,2.3,20.3,16.6,0.8,0.5,1.2,0.048,-3.9,-0.7,-4.6,-0.8,False
horfoal01,Al Horford,CENTER,23,ATLANTA HAWKS,81,2845,19.4,0.594,0.001,0.319,9.6,23.3,16.4,10.4,1.1,2.4,11.2,17.6,6.9,3.9,10.9,0.183,1.8,0.5,2.3,3.1,False
houseed01,Eddie House,POINT GUARD,31,BOSTON CELTICS,50,846,11.9,0.527,0.519,0.124,1.0,8.7,5.0,9.2,1.7,0.7,7.4,20.3,0.4,1.0,1.4,0.081,-0.4,0.0,-0.4,0.3,False
houseed01,Eddie House,SHOOTING GUARD,31,NEW YORK KNICKS,18,371,7.3,0.416,0.451,0.09,1.8,10.6,6.1,14.9,1.7,0.0,12.6,19.3,-0.5,0.1,-0.4,-0.047,-4.0,-1.8,-5.8,-0.4,False
howardw01,Dwight Howard,CENTER,24,ORLANDO MAGIC,82,2843,24.0,0.63,0.008,0.978,12.0,31.3,22.0,8.7,1.4,6.0,18.7,23.9,6.1,7.1,13.2,0.223,1.6,2.8,4.4,4.6,False
howarjo01,Josh Howard,SMALL FORWARD,29,DALLAS MAVERICKS,31,827,12.0,0.492,0.219,0.348,3.6,11.8,7.8,8.5,1.4,0.8,9.8,24.3,0.0,0.8,0.8,0.045,-2.5,-1.1,-3.7,-0.4,False
howarjo01,Josh Howard,SMALL FORWARD,29,WASHINGTON WIZARDS,4,91,19.2,0.529,0.239,0.435,5.0,11.6,8.2,8.2,1.7,1.7,5.2,28.8,0.2,0.1,0.3,0.139,0.5,-0.9,-0.4,0.0,False
howarju01,Juwan Howard,CENTER,36,PORTLAND TRAIL BLAZERS,73,1632,10.0,0.538,0.003,0.187,8.1,17.3,12.7,5.9,0.9,0.5,15.1,13.9,1.1,1.6,2.6,0.077,-3.0,-0.4,-3.5,-0.6,False
hudsole01,Lester Hudson,POINT GUARD,25,BOSTON CELTICS,16,70,8.7,0.533,0.278,0.333,5.4,8.5,7.0,17.1,2.2,2.3,30.4,19.9,-0.1,0.1,0.0,0.003,-3.7,0.4,-3.3,0.0,False
hudsole01,Lester Hudson,POINT GUARD,25,MEMPHIS GRIZZLIES,9,61,18.3,0.473,0.314,0.2,7.6,11.5,9.6,14.1,4.2,1.2,11.6,30.9,0.0,0.1,0.1,0.06,-1.0,0.6,-0.4,0.0,False
hughela01,Larry Hughes,SHOOTING GUARD,31,NEW YORK KNICKS,31,820,12.3,0.473,0.348,0.283,2.2,13.3,7.6,20.1,2.5,1.0,15.1,20.4,-0.2,0.6,0.4,0.023,-1.9,0.1,-1.8,0.0,False
hughela01,Larry Hughes,SHOOTING GUARD,31,CHARLOTTE BOBCATS,14,295,11.1,0.467,0.393,0.318,2.9,10.0,6.5,15.8,2.2,1.1,13.5,22.2,-0.1,0.4,0.3,0.051,-2.1,0.0,-2.1,0.0,False
humphkr01,Kris Humphries,POWER FORWARD,24,DALLAS MAVERICKS,25,315,14.8,0.487,0.0,0.383,14.0,20.5,17.3,3.6,1.2,2.6,8.8,21.5,0.2,0.4,0.6,0.097,-2.4,-1.0,-3.4,-0.1,False
humphkr01,Kris Humphries,POWER FORWARD,24,NEW JERSEY NETS,44,906,15.1,0.498,0.003,0.498,10.0,26.7,18.0,4.8,1.7,3.0,12.9,20.8,0.1,1.1,1.3,0.066,-2.6,-0.9,-3.5,-0.3,False
huntech01,Chris Hunter,CENTER,25,GOLDEN STATE WARRIORS,60,783,12.2,0.546,0.018,0.318,7.9,16.0,11.9,6.7,0.8,3.2,10.8,15.2,0.9,0.4,1.3,0.08,-3.1,-1.0,-4.1,-0.4,False
hunteli01,Lindsey Hunter,POINT GUARD,39,CHICAGO BULLS,13,122,-2.2,0.21,0.433,0.067,0.9,11.7,6.4,10.1,0.4,0.0,11.5,12.8,-0.4,0.1,-0.3,-0.117,-9.7,-2.4,-12.0,-0.3,False
hunteot01,Othello Hunter,SMALL FORWARD,23,ATLANTA HAWKS,7,33,7.9,0.4,0.0,0.333,21.0,21.4,21.2,0.0,0.0,2.3,17.9,23.4,-0.1,0.0,0.0,-0.031,-7.0,-4.9,-11.9,-0.1,False
huntest01,Steven Hunter,CENTER,28,MEMPHIS GRIZZLIES,21,158,11.6,0.45,0.0,0.837,13.3,17.8,15.5,0.0,0.3,4.8,13.3,18.8,-0.1,0.1,0.1,0.018,-2.5,-2.3,-4.8,-0.1,False
ibakase01,Serge Ibaka,POWER FORWARD,20,OKLAHOMA CITY THUNDER,73,1323,15.2,0.562,0.005,0.249,12.3,21.9,17.2,1.2,1.0,5.5,14.2,16.2,1.3,2.4,3.7,0.134,-2.4,0.9,-1.5,0.2,False
iguodan01,Andre Iguodala,SMALL FORWARD,26,PHILADELPHIA 76ERS,82,3193,17.8,0.535,0.271,0.384,3.0,16.8,9.8,23.7,2.3,1.4,14.3,21.8,4.0,2.8,6.7,0.101,2.0,0.4,2.4,3.5,False
ilgauzy01,Zydrunas Ilgauskas,CENTER,34,CLEVELAND CAVALIERS,64,1339,11.9,0.491,0.053,0.231,10.7,19.6,15.3,5.6,0.5,2.9,11.6,19.0,0.5,2.0,2.5,0.088,-3.1,-0.7,-3.8,-0.6,False
mbengdj01,D.J. Mbenga,CENTER,29,LOS ANGELES LAKERS,49,355,11.6,0.471,0.0,0.184,10.2,17.2,13.7,3.4,0.7,6.2,11.9,16.0,0.0,0.6,0.6,0.084,-4.9,0.8,-4.1,-0.2,False
ilyaser01,Ersan İlyasova,POWER FORWARD,22,MILWAUKEE BUCKS,81,1898,15.7,0.526,0.331,0.217,9.0,22.6,15.5,7.5,1.5,1.0,8.2,20.8,2.5,3.3,5.8,0.146,0.1,0.3,0.4,1.1,False
iversal01,Allen Iverson,POINT GUARD,34,MEMPHIS GRIZZLIES,3,67,16.9,0.591,0.038,0.462,1.7,5.2,3.5,28.0,0.8,0.0,18.3,25.0,0.1,0.0,0.1,0.074,1.3,-2.7,-1.4,0.0,False
iversal01,Allen Iverson,SHOOTING GUARD,34,PHILADELPHIA 76ERS,25,798,13.1,0.508,0.083,0.41,2.2,9.0,5.5,20.4,1.2,0.2,14.3,22.8,0.4,0.2,0.6,0.034,-1.2,-1.9,-3.1,-0.2,False
iveyro01,Royal Ivey,SHOOTING GUARD,28,PHILADELPHIA 76ERS,26,236,12.6,0.603,0.436,0.127,2.5,10.7,6.5,10.8,2.2,0.7,7.9,12.2,0.4,0.1,0.6,0.117,-0.3,0.6,0.3,0.1,False
iveyro01,Royal Ivey,SHOOTING GUARD,28,MILWAUKEE BUCKS,18,90,6.8,0.381,0.393,0.179,1.2,9.3,5.0,16.8,5.2,0.0,16.6,18.2,-0.2,0.2,0.0,0.003,-7.4,4.2,-3.3,0.0,False
jackja01,Jarrett Jack,POINT GUARD,26,TORONTO RAPTORS,82,2243,16.3,0.599,0.297,0.359,1.6,9.8,5.8,27.7,1.4,0.2,17.3,19.1,4.5,0.2,4.8,0.102,2.0,-1.6,0.4,1.4,False
jacksce01,Cedric Jackson,POINT GUARD,23,CLEVELAND CAVALIERS,5,10,-6.6,0.133,0.5,2.0,0.0,11.3,6.0,25.5,0.0,0.0,21.0,22.2,-0.1,0.0,-0.1,-0.336,-10.4,-4.5,-14.9,0.0,False
jacksce01,Cedric Jackson,POINT GUARD,23,SAN ANTONIO SPURS,3,25,19.2,0.4,0.286,0.571,4.8,13.8,9.4,33.5,6.3,5.8,18.6,19.7,0.0,0.1,0.1,0.124,-0.8,7.4,6.6,0.1,False
jacksce01,Cedric Jackson,POINT GUARD,23,WASHINGTON WIZARDS,4,39,-0.2,0.47,0.273,0.364,2.9,6.0,4.4,23.5,0.0,0.0,38.5,24.1,-0.2,0.0,-0.2,-0.204,-8.5,-4.8,-13.3,-0.1,False
jacksda01,Darnell Jackson,POWER FORWARD,24,CLEVELAND CAVALIERS,27,114,0.4,0.38,0.12,0.24,8.8,11.9,10.4,4.9,0.9,2.7,32.0,16.6,-0.4,0.1,-0.2,-0.094,-9.3,-1.2,-10.5,-0.2,False
jacksda01,Darnell Jackson,POWER FORWARD,24,MILWAUKEE BUCKS,1,9,-6.3,0.2,0.2,0.0,12.0,13.3,12.6,0.0,0.0,0.0,0.0,25.2,-0.1,0.0,0.0,-0.227,-17.6,-10.3,-27.9,-0.1,False
jacksst02,Stephen Jackson,POWER FORWARD,31,GOLDEN STATE WARRIORS,9,300,14.5,0.499,0.301,0.278,2.2,10.9,6.5,21.3,2.2,1.4,14.8,25.0,-0.1,0.2,0.0,0.008,0.2,-1.5,-1.3,0.1,False
jacksst02,Stephen Jackson,SHOOTING GUARD,31,CHARLOTTE BOBCATS,72,2829,15.7,0.52,0.275,0.309,3.1,12.3,7.8,17.3,2.2,1.1,13.8,27.8,0.6,4.4,5.0,0.085,0.3,0.3,0.6,1.8,False
jamesle01,LeBron James,SMALL FORWARD,25,CLEVELAND CAVALIERS,76,2966,31.1,0.604,0.253,0.506,3.0,18.5,11.1,41.8,2.2,2.0,12.3,33.5,13.3,5.2,18.5,0.299,9.1,2.8,11.8,10.3,False
jamesmi01,Mike James,POINT GUARD,34,WASHINGTON WIZARDS,4,46,5.5,0.383,0.3,0.4,2.5,5.1,3.8,17.3,3.4,0.0,17.5,28.1,-0.2,0.0,-0.1,-0.14,-4.2,-0.6,-4.8,0.0,False
jamisan01,Antawn Jamison,POWER FORWARD,33,WASHINGTON WIZARDS,41,1595,17.5,0.528,0.24,0.31,7.0,19.3,13.1,5.8,1.4,0.4,7.1,24.3,2.3,1.4,3.7,0.112,1.7,-1.4,0.3,0.9,False
jamisan01,Antawn Jamison,POWER FORWARD,33,CLEVELAND CAVALIERS,25,811,16.7,0.53,0.235,0.247,5.7,21.8,14.2,6.8,1.8,1.1,7.5,23.1,0.7,1.4,2.1,0.122,0.0,0.0,0.0,0.4,False
jawaina01,Nathan Jawai,CENTER,23,MINNESOTA TIMBERWOLVES,39,412,11.0,0.485,0.009,0.342,13.1,15.2,14.1,8.7,1.2,1.6,17.5,16.3,0.0,0.2,0.3,0.031,-3.0,-0.8,-3.8,-0.2,False
jeffeot01,Othyus Jeffers,SHOOTING GUARD,24,UTAH JAZZ,14,73,13.6,0.495,0.0,0.655,13.3,17.4,15.4,2.1,2.8,0.0,13.8,26.7,0.0,0.1,0.1,0.067,-3.7,-1.0,-4.6,0.0,False
jeffeal01,Al Jefferson,CENTER,25,MINNESOTA TIMBERWOLVES,76,2463,19.0,0.524,0.004,0.236,8.0,24.2,16.0,10.0,1.3,3.0,9.9,24.3,2.3,2.3,4.6,0.09,0.7,-0.4,0.4,1.5,False
jefferi01,Richard Jefferson,SMALL FORWARD,29,SAN ANTONIO SPURS,81,2520,13.1,0.551,0.241,0.37,2.7,13.6,8.3,9.6,0.9,1.1,10.4,18.3,3.0,3.0,6.0,0.113,-0.5,0.3,-0.2,1.2,False
jeffrja01,Jared Jeffries,POWER FORWARD,28,NEW YORK KNICKS,52,1462,9.7,0.524,0.27,0.404,7.6,9.8,8.7,7.9,1.9,3.0,18.6,10.3,0.8,1.0,1.7,0.057,-2.5,1.0,-1.5,0.2,False
jeffrja01,Jared Jeffries,SMALL FORWARD,28,HOUSTON ROCKETS,18,332,10.1,0.459,0.107,0.321,10.3,12.2,11.2,8.1,1.4,2.9,12.7,14.6,0.1,0.3,0.4,0.058,-3.7,-0.1,-3.7,-0.1,False
jennibr01,Brandon Jennings,POINT GUARD,20,MILWAUKEE BUCKS,82,2671,14.5,0.475,0.319,0.225,2.0,10.4,6.0,29.6,2.1,0.5,13.0,26.1,0.3,3.9,4.2,0.075,0.5,0.2,0.7,1.8,False
jerebjo01,Jonas Jerebko,POWER FORWARD,22,DETROIT PISTONS,80,2232,13.9,0.545,0.191,0.292,9.9,16.5,13.0,4.2,1.9,1.1,10.8,15.7,2.9,1.5,4.4,0.095,-0.7,-0.6,-1.3,0.4,False
jianlyi01,Yi Jianlian,POWER FORWARD,22,NEW JERSEY NETS,52,1655,12.3,0.481,0.073,0.343,7.7,18.7,13.0,4.9,1.2,2.3,10.6,20.1,0.0,1.3,1.3,0.037,-2.8,-1.3,-4.1,-0.9,False
johnsam01,Amir Johnson,POWER FORWARD,22,TORONTO RAPTORS,82,1453,16.7,0.639,0.012,0.446,12.9,19.1,16.1,5.0,1.6,3.5,13.6,14.5,3.4,1.1,4.5,0.15,-0.6,0.0,-0.6,0.5,False
johnsan02,Anthony Johnson,POINT GUARD,35,ORLANDO MAGIC,31,406,12.4,0.543,0.351,0.18,2.4,11.0,6.8,24.2,1.4,0.2,17.8,16.7,0.5,0.5,1.0,0.116,-0.7,0.7,0.0,0.2,False
johnsja01,James Johnson,POWER FORWARD,22,CHICAGO BULLS,65,757,10.4,0.532,0.219,0.333,5.1,13.6,9.4,9.8,1.4,4.3,20.5,18.0,-0.3,1.1,0.8,0.054,-4.0,1.5,-2.4,-0.1,False
johnsjo02,Joe Johnson,SHOOTING GUARD,28,ATLANTA HAWKS,76,2886,19.3,0.538,0.253,0.194,3.0,11.4,7.1,22.0,1.5,0.1,8.8,26.3,6.0,2.4,8.4,0.14,3.4,-0.7,2.7,3.4,False
jonesda02,Dahntay Jones,SMALL FORWARD,29,INDIANA PACERS,76,1892,10.8,0.527,0.051,0.413,2.7,10.5,6.6,12.9,1.0,1.5,14.9,20.1,0.1,1.6,1.8,0.045,-3.3,-0.4,-3.6,-0.8,False
jonesdw02,Dwayne Jones,POWER FORWARD,26,PHOENIX SUNS,2,7,1.4,0.0,0.0,0.0,0.0,30.5,16.1,0.0,0.0,0.0,0.0,0.0,0.0,0.0,0.0,0.045,-5.1,0.6,-4.4,0.0,False
jonesja02,James Jones,SMALL FORWARD,29,MIAMI HEAT,36,503,8.8,0.556,0.756,0.235,0.9,9.5,5.3,5.1,1.2,0.6,7.7,13.3,0.5,0.5,1.0,0.099,-1.4,0.2,-1.2,0.1,False
jonesso01,Solomon Jones,CENTER,25,INDIANA PACERS,52,675,9.9,0.499,0.017,0.403,8.2,15.1,11.6,7.3,1.0,3.9,16.2,16.1,0.0,0.8,0.8,0.058,-5.0,0.8,-4.2,-0.4,False
jordade01,DeAndre Jordan,CENTER,21,LOS ANGELES CLIPPERS,70,1137,12.7,0.571,0.008,0.538,12.4,23.6,17.9,2.9,0.7,4.0,20.3,14.7,0.2,1.2,1.5,0.061,-3.5,-0.3,-3.8,-0.5,False
kamanch01,Chris Kaman,CENTER,27,LOS ANGELES CLIPPERS,76,2608,16.5,0.527,0.005,0.255,8.1,23.2,15.6,8.6,0.7,2.7,14.3,27.1,0.0,2.4,2.4,0.044,-1.4,-1.1,-2.5,-0.3,False
kaponja01,Jason Kapono,SMALL FORWARD,28,PHILADELPHIA 76ERS,57,976,8.4,0.527,0.568,0.05,1.7,6.4,4.0,6.1,1.1,0.5,10.0,15.9,0.3,0.1,0.5,0.023,-1.9,-2.2,-4.0,-0.5,False
karlco01,Coby Karl,SHOOTING GUARD,26,CLEVELAND CAVALIERS,3,5,-38.1,0.0,0.0,0.0,0.0,45.4,23.8,0.0,0.0,0.0,100.0,37.3,-0.1,0.0,-0.1,-1.112,-31.0,-9.4,-40.3,-0.1,False
karlco01,Coby Karl,SMALL FORWARD,26,GOLDEN STATE WARRIORS,4,108,7.1,0.404,0.344,0.188,4.1,12.5,8.2,18.7,1.3,0.7,14.8,16.1,-0.1,0.0,-0.1,-0.028,-3.8,-0.3,-4.1,-0.1,False
kiddja01,Jason Kidd,POINT GUARD,36,DALLAS MAVERICKS,80,2881,17.2,0.577,0.617,0.148,1.9,15.6,8.9,36.4,2.6,0.9,21.4,14.5,4.8,4.0,8.9,0.148,2.5,1.7,4.2,4.5,False
kirilan01,Andrei Kirilenko,SMALL FORWARD,28,UTAH JAZZ,58,1681,18.2,0.588,0.185,0.485,5.5,12.9,9.3,14.0,2.5,3.4,11.9,17.7,3.3,2.7,6.0,0.171,2.7,2.4,5.1,3.0,False
korveky01,Kyle Korver,SHOOTING GUARD,28,UTAH JAZZ,52,952,13.9,0.62,0.393,0.175,1.3,12.2,6.9,13.9,1.4,1.0,12.2,16.2,1.6,1.0,2.6,0.13,1.0,0.3,1.4,0.8,False
koufoko01,Kosta Koufos,CENTER,20,UTAH JAZZ,36,172,7.7,0.494,0.0,0.319,11.3,19.4,15.5,5.1,0.6,1.9,21.9,17.9,-0.2,0.2,0.0,0.014,-5.3,-1.2,-6.5,-0.2,False
krstine01,Nenad Krstić,CENTER,26,OKLAHOMA CITY THUNDER,76,1741,13.7,0.527,0.009,0.189,9.1,16.0,12.6,4.9,0.9,1.9,8.7,17.1,2.0,2.2,4.2,0.116,-1.5,-0.2,-1.8,0.1,False
lafayol01,Oliver Lafayette,SHOOTING GUARD,25,BOSTON CELTICS,1,22,12.8,0.583,0.333,0.0,5.7,16.3,11.1,14.4,0.0,0.0,14.3,14.9,0.0,0.0,0.0,0.098,1.4,-3.2,-1.9,0.0,False
landrca01,Carl Landry,POWER FORWARD,26,HOUSTON ROCKETS,52,1415,21.1,0.621,0.0,0.507,9.5,13.8,11.6,5.0,1.0,2.4,11.3,23.8,4.1,1.3,5.4,0.184,2.0,-0.1,1.9,1.4,False
landrca01,Carl Landry,POWER FORWARD,26,SACRAMENTO KINGS,28,1054,16.0,0.568,0.008,0.388,7.1,12.8,9.9,4.1,1.3,1.2,10.1,20.7,1.6,0.6,2.3,0.105,0.1,-0.8,-0.8,0.3,False
landrma01,Marcus Landry,SMALL FORWARD,24,NEW YORK KNICKS,17,108,8.1,0.509,0.634,0.122,5.2,15.0,10.0,0.0,0.5,1.4,12.2,20.6,-0.1,0.0,0.0,-0.015,-3.5,-3.2,-6.7,-0.1,False
landrma01,Marcus Landry,SMALL FORWARD,24,BOSTON CELTICS,1,3,-26.8,0.0,1.0,0.0,0.0,0.0,0.0,0.0,0.0,0.0,0.0,31.3,0.0,0.0,0.0,-0.738,-21.4,-13.3,-34.7,0.0,False
lawac01,Acie Law,POINT GUARD,25,GOLDEN STATE WARRIORS,5,66,21.3,0.752,0.214,1.071,0.0,3.4,1.7,15.0,4.3,0.0,8.8,14.7,0.3,0.0,0.3,0.236,1.4,1.4,2.7,0.1,False
lawac01,Acie Law,POINT GUARD,25,CHARLOTTE BOBCATS,9,33,7.5,0.419,0.063,0.438,0.0,3.6,1.8,16.0,1.6,2.5,13.6,31.1,-0.1,0.0,0.0,-0.066,-7.2,-1.3,-8.5,-0.1,False
lawac01,Acie Law,POINT GUARD,25,CHICAGO BULLS,12,135,15.4,0.58,0.267,0.6,2.5,8.9,5.8,19.2,1.5,0.0,17.4,22.9,0.2,0.1,0.3,0.101,0.0,-1.0,-1.0,0.0,False
lawsoty01,Ty Lawson,POINT GUARD,22,DENVER NUGGETS,65,1318,16.4,0.6,0.213,0.359,3.7,7.1,5.4,24.2,1.8,0.1,15.4,18.0,2.9,0.9,3.7,0.135,1.5,-0.4,1.1,1.0,False
leeco01,Courtney Lee,SHOOTING GUARD,24,NEW JERSEY NETS,71,2375,12.8,0.525,0.29,0.197,2.8,9.7,6.1,9.0,2.1,0.6,8.3,17.7,1.8,1.3,3.1,0.063,-1.0,-0.4,-1.4,0.4,False
leeda02,David Lee,CENTER,26,NEW YORK KNICKS,81,3019,22.2,0.584,0.006,0.262,8.4,27.6,17.9,17.5,1.4,1.0,11.9,23.8,7.4,2.9,10.3,0.163,2.6,0.0,2.5,3.5,False
lewisra02,Rashard Lewis,POWER FORWARD,30,ORLANDO MAGIC,72,2369,14.0,0.573,0.525,0.224,3.1,12.1,7.8,7.4,1.7,0.9,10.9,19.4,3.1,3.4,6.5,0.132,0.9,0.8,1.8,2.3,False
livinsh01,Shaun Livingston,POINT GUARD,24,OKLAHOMA CITY THUNDER,10,130,4.7,0.313,0.125,0.0,3.6,13.8,8.8,14.7,2.0,1.1,33.3,8.3,-0.2,0.2,0.0,-0.004,-4.8,2.2,-2.7,0.0,False
livinsh01,Shaun Livingston,POINT GUARD,24,WASHINGTON WIZARDS,26,666,14.4,0.582,0.022,0.259,2.0,8.1,5.0,28.6,0.9,1.0,19.5,17.4,0.9,0.3,1.2,0.085,-0.3,-0.9,-1.2,0.1,False
lopezbr01,Brook Lopez,CENTER,21,NEW JERSEY NETS,82,3027,20.1,0.57,0.002,0.451,9.9,17.5,13.5,11.8,1.0,3.4,13.1,23.6,5.5,2.4,7.9,0.125,1.6,-0.5,1.2,2.5,False
lopezro01,Robin Lopez,CENTER,21,PHOENIX SUNS,51,986,17.6,0.621,0.0,0.43,12.6,15.6,14.2,1.1,0.5,3.8,10.6,17.3,2.5,0.8,3.2,0.158,0.3,-0.9,-0.6,0.4,False
loveke01,Kevin Love,POWER FORWARD,21,MINNESOTA TIMBERWOLVES,60,1714,20.7,0.549,0.164,0.427,14.5,28.6,21.5,12.9,1.3,1.0,13.2,22.4,3.4,1.5,4.9,0.138,2.7,-1.2,1.5,1.5,False
lowryky01,Kyle Lowry,POINT GUARD,23,HOUSTON ROCKETS,68,1651,15.5,0.536,0.293,0.56,6.1,11.2,8.6,27.7,1.9,0.4,16.7,18.6,2.9,1.4,4.3,0.126,0.4,0.4,0.8,1.2,False
maggeco01,Corey Maggette,POWER FORWARD,30,GOLDEN STATE WARRIORS,70,2081,20.3,0.615,0.056,0.622,4.9,15.2,10.0,13.2,1.2,0.1,13.0,26.7,5.6,0.7,6.3,0.144,2.1,-1.8,0.3,1.2,False
magloja01,Jamaal Magloire,CENTER,31,MIAMI HEAT,36,359,9.4,0.47,0.0,1.054,13.5,26.0,19.8,0.4,1.3,2.5,17.2,13.0,-0.1,0.7,0.6,0.078,-5.2,-0.3,-5.5,-0.3,False
mahinia01,Ian Mahinmi,CENTER,23,SAN ANTONIO SPURS,26,165,21.6,0.667,0.0,0.855,9.4,27.2,18.5,2.1,1.0,3.5,16.5,25.2,0.4,0.3,0.7,0.206,-1.5,0.7,-0.8,0.1,False
mariosh01,Shawn Marion,SMALL FORWARD,31,DALLAS MAVERICKS,75,2385,14.7,0.535,0.024,0.179,7.7,15.2,11.5,7.2,1.5,1.9,10.6,18.1,2.1,2.8,5.0,0.1,-0.5,0.1,-0.5,0.9,False
marksse01,Sean Marks,CENTER,34,NEW ORLEANS HORNETS,14,75,9.0,0.49,0.0,0.625,21.5,14.3,18.0,3.6,0.0,3.0,16.4,7.4,0.1,0.0,0.2,0.104,-3.9,-1.3,-5.2,-0.1,False
martica01,Cartier Martin,SMALL FORWARD,25,GOLDEN STATE WARRIORS,10,276,7.3,0.463,0.352,0.239,6.8,12.3,9.5,4.5,1.4,0.0,11.8,17.1,-0.1,0.1,-0.1,-0.01,-3.7,-1.5,-5.3,-0.2,False
martica01,Cartier Martin,SMALL FORWARD,25,WASHINGTON WIZARDS,8,114,13.2,0.491,0.375,0.188,8.0,13.3,10.6,10.2,1.4,0.7,10.4,23.0,0.1,0.1,0.1,0.061,-0.8,-1.5,-2.3,0.0,False
martike01,Kenyon Martin,POWER FORWARD,32,DENVER NUGGETS,58,1986,13.4,0.481,0.047,0.269,8.3,23.3,15.8,8.5,1.8,2.3,11.6,17.5,0.4,2.8,3.3,0.079,-1.4,0.5,-0.8,0.6,False
martike02,Kevin Martin,SHOOTING GUARD,26,SACRAMENTO KINGS,22,774,17.0,0.535,0.324,0.457,2.9,11.1,7.0,11.9,1.5,0.4,7.9,25.3,1.5,0.4,1.9,0.116,1.8,-1.0,0.8,0.5,False
martike02,Kevin Martin,SHOOTING GUARD,26,HOUSTON ROCKETS,24,859,17.1,0.586,0.282,0.523,1.2,8.4,4.7,10.5,1.4,0.2,11.6,25.4,1.8,0.5,2.3,0.129,0.3,-1.8,-1.5,0.1,False
masonde01,Desmond Mason,SMALL FORWARD,32,SACRAMENTO KINGS,5,66,6.2,0.472,0.0,0.333,6.9,15.8,11.3,4.2,0.8,1.1,22.5,11.9,0.0,0.0,0.0,-0.007,-4.4,-1.4,-5.7,-0.1,False
masonro01,Roger Mason,SHOOTING GUARD,29,SAN ANTONIO SPURS,79,1515,9.7,0.49,0.532,0.069,0.9,11.5,6.3,13.5,1.0,0.7,10.4,17.2,0.3,1.7,1.9,0.062,-1.4,0.1,-1.2,0.3,False
matthwe02,Wesley Matthews,SHOOTING GUARD,23,UTAH JAZZ,82,2025,12.3,0.592,0.292,0.342,3.0,8.0,5.6,9.0,1.6,0.6,12.5,16.5,2.6,1.9,4.6,0.108,-0.6,0.0,-0.5,0.8,False
maxieja01,Jason Maxiell,CENTER,26,DETROIT PISTONS,76,1550,14.0,0.531,0.002,0.373,11.8,20.0,15.7,4.1,1.3,2.1,12.3,16.4,1.5,1.1,2.6,0.081,-1.4,-1.3,-2.7,-0.3,False
mayse01,Sean May,CENTER,25,SACRAMENTO KINGS,37,331,11.7,0.492,0.036,0.288,6.8,17.5,12.1,8.1,1.9,1.5,13.2,19.3,0.0,0.3,0.3,0.044,-3.3,0.2,-3.1,-0.1,False
maynoer01,Eric Maynor,POINT GUARD,22,UTAH JAZZ,26,363,12.3,0.454,0.18,0.248,3.4,8.9,6.2,33.1,1.8,0.4,16.0,21.7,0.0,0.4,0.4,0.051,-1.1,-0.4,-1.5,0.0,False
maynoer01,Eric Maynor,POINT GUARD,22,OKLAHOMA CITY THUNDER,55,906,11.6,0.492,0.2,0.166,1.4,9.9,5.8,30.9,1.5,0.7,18.4,15.3,0.5,1.0,1.5,0.079,-1.9,0.1,-1.9,0.0,False
mayooj01,O.J. Mayo,SHOOTING GUARD,22,MEMPHIS GRIZZLIES,82,3113,14.6,0.551,0.3,0.221,2.3,9.4,5.8,12.2,1.6,0.4,11.9,20.7,4.3,1.4,5.6,0.087,0.8,-0.8,0.0,1.6,False
mbahalu01,Luc Mbah a Moute,POWER FORWARD,23,MILWAUKEE BUCKS,73,1866,11.8,0.53,0.046,0.36,9.9,14.6,12.2,6.5,1.7,1.6,14.1,12.1,1.8,3.0,4.7,0.122,-1.8,1.5,-0.3,0.8,False
mcdyean01,Antonio McDyess,POWER FORWARD,35,SAN ANTONIO SPURS,77,1617,12.2,0.492,0.005,0.133,11.0,21.8,16.5,7.7,1.4,1.4,14.8,15.1,0.6,2.6,3.2,0.094,-1.8,0.8,-1.0,0.4,False
mcgeeja01,JaVale McGee,CENTER,22,WASHINGTON WIZARDS,60,968,17.0,0.539,0.003,0.378,10.3,18.7,14.5,2.4,0.9,8.0,12.5,19.1,0.8,1.3,2.1,0.105,-2.0,1.2,-0.8,0.3,False
mcgratr01,Tracy McGrady,SHOOTING GUARD,30,HOUSTON ROCKETS,6,46,12.4,0.439,0.105,0.316,0.0,12.9,6.2,20.9,0.0,3.2,4.4,21.8,0.0,0.0,0.0,0.047,-0.2,-0.3,-0.5,0.0,False
mcgratr01,Tracy McGrady,SHOOTING GUARD,30,NEW YORK KNICKS,24,627,12.2,0.469,0.287,0.264,3.9,12.4,8.1,22.7,1.2,1.4,15.1,20.5,-0.1,0.3,0.2,0.016,-0.9,-1.4,-2.3,-0.1,False
mcguido01,Dominic McGuire,SMALL FORWARD,24,WASHINGTON WIZARDS,41,240,4.2,0.355,0.0,0.125,8.0,21.4,14.6,4.8,0.9,1.0,19.2,9.9,-0.3,0.2,-0.1,-0.015,-5.6,-0.3,-5.9,-0.2,False
mcguido01,Dominic McGuire,SMALL FORWARD,24,SACRAMENTO KINGS,10,67,2.4,0.311,0.0,0.167,10.1,20.8,15.4,6.1,0.8,1.1,35.2,13.1,-0.2,0.0,-0.2,-0.122,-6.1,-1.3,-7.4,-0.1,False
mcrobjo01,Josh McRoberts,CENTER,22,INDIANA PACERS,42,524,14.8,0.55,0.158,0.26,8.3,18.2,13.2,13.5,1.6,2.2,10.5,15.3,0.8,0.7,1.5,0.134,-1.1,0.9,-0.2,0.2,False
meeksjo01,Jodie Meeks,SHOOTING GUARD,22,MILWAUKEE BUCKS,41,486,8.4,0.454,0.463,0.119,1.1,16.4,8.4,7.2,1.4,0.6,9.7,19.2,-0.4,0.7,0.3,0.029,-3.1,0.1,-3.0,-0.1,False
meeksjo01,Jodie Meeks,SHOOTING GUARD,22,PHILADELPHIA 76ERS,19,233,15.8,0.566,0.549,0.198,2.0,11.8,6.8,12.0,1.1,0.3,4.8,20.3,0.5,0.1,0.6,0.124,1.9,-1.9,0.0,0.1,False
mensapo01,Pops Mensah-Bonsu,POWER FORWARD,26,HOUSTON ROCKETS,4,13,15.2,0.377,0.0,1.5,8.5,27.5,17.6,11.0,3.9,5.6,0.0,22.6,0.0,0.0,0.0,0.108,-3.4,4.2,0.9,0.0,False
mensapo01,Pops Mensah-Bonsu,POWER FORWARD,26,TORONTO RAPTORS,16,107,11.0,0.46,0.0,0.621,17.0,17.2,17.1,2.7,1.4,5.7,21.3,20.0,-0.1,0.1,0.0,-0.006,-4.3,-1.5,-5.8,-0.1,False
milescj01,C.J. Miles,SMALL FORWARD,22,UTAH JAZZ,63,1497,10.8,0.515,0.386,0.169,3.4,9.7,6.6,10.7,2.0,0.9,11.8,20.5,0.2,1.7,1.9,0.061,-2.0,0.1,-1.9,0.0,False
milicda01,Darko Miličić,CENTER,24,NEW YORK KNICKS,8,71,12.1,0.471,0.0,0.0,7.9,21.2,14.4,8.4,2.9,1.1,10.5,12.1,0.0,0.1,0.1,0.073,-2.2,0.4,-1.8,0.0,False
milicda01,Darko Miličić,CENTER,24,MINNESOTA TIMBERWOLVES,24,614,12.9,0.499,0.005,0.15,7.5,16.9,12.1,11.0,1.5,4.0,14.2,16.4,0.1,0.5,0.6,0.048,-2.4,0.7,-1.7,0.0,False
millean02,Andre Miller,POINT GUARD,33,PORTLAND TRAIL BLAZERS,82,2500,18.1,0.53,0.088,0.432,4.0,9.2,6.6,30.3,2.0,0.3,13.8,23.8,4.6,2.4,7.0,0.134,1.8,0.0,1.8,2.4,False
millebr01,Brad Miller,CENTER,33,CHICAGO BULLS,82,1950,12.9,0.53,0.227,0.379,4.8,17.8,11.4,12.2,1.2,1.1,13.6,18.1,1.5,2.5,4.0,0.098,-1.4,0.5,-0.8,0.6,False
millemi01,Mike Miller,SHOOTING GUARD,29,WASHINGTON WIZARDS,54,1805,13.9,0.623,0.395,0.196,3.5,18.2,10.7,18.4,1.1,0.5,19.6,14.7,2.5,1.4,3.9,0.104,0.9,0.4,1.3,1.5,False
millspa02,Patty Mills,POINT GUARD,21,PORTLAND TRAIL BLAZERS,10,38,11.9,0.48,0.167,0.292,3.2,3.3,3.3,27.1,0.0,0.0,12.9,38.9,0.0,0.0,0.0,-0.036,-4.6,-5.6,-10.2,-0.1,False
millspa01,Paul Millsap,POWER FORWARD,24,UTAH JAZZ,82,2277,16.7,0.573,0.013,0.369,9.9,18.9,14.5,8.9,1.4,3.5,12.2,18.7,3.7,3.5,7.2,0.151,-0.4,0.8,0.4,1.4,False
mohamna01,Nazr Mohammed,CENTER,32,CHARLOTTE BOBCATS,58,984,19.6,0.578,0.0,0.365,14.2,22.9,18.6,5.4,0.8,3.6,11.8,21.3,1.8,1.8,3.6,0.174,0.6,-0.1,0.5,0.6,False
moonja01,Jamario Moon,SMALL FORWARD,29,CLEVELAND CAVALIERS,61,1052,12.6,0.555,0.405,0.182,3.1,17.8,10.8,6.9,1.7,2.2,7.9,12.8,1.2,1.7,2.9,0.131,-0.2,1.6,1.4,0.9,False
mooremi01,Mikki Moore,CENTER,34,GOLDEN STATE WARRIORS,23,406,11.2,0.606,0.0,0.122,7.0,12.0,9.5,12.5,0.6,2.3,18.1,12.2,0.5,0.1,0.6,0.071,-1.6,-0.3,-1.9,0.0,False
morrira01,Randolph Morris,POWER FORWARD,24,ATLANTA HAWKS,28,124,14.6,0.586,0.0,0.659,9.3,26.6,17.9,2.6,2.1,1.8,18.5,24.1,0.1,0.2,0.3,0.108,-5.9,-0.1,-6.0,-0.1,False
morriad01,Adam Morrison,SMALL FORWARD,25,LOS ANGELES LAKERS,31,241,7.4,0.418,0.247,0.094,4.7,10.1,7.4,11.3,0.6,0.6,10.2,18.3,-0.2,0.2,0.0,0.009,-3.6,-1.1,-4.7,-0.2,False
morroan01,Anthony Morrow,SHOOTING GUARD,24,GOLDEN STATE WARRIORS,69,2018,14.0,0.597,0.437,0.162,3.3,11.1,7.1,7.6,1.5,0.6,10.0,17.8,3.0,0.6,3.5,0.084,1.2,-1.5,-0.4,0.8,False
mulleby01,Byron Mullens,POWER FORWARD,20,OKLAHOMA CITY THUNDER,13,54,0.7,0.368,0.0,0.0,6.6,14.5,10.6,2.9,1.9,0.0,17.4,19.1,-0.2,0.1,-0.1,-0.077,-11.3,-0.5,-11.8,-0.1,False
murphtr01,Troy Murphy,POWER FORWARD,29,INDIANA PACERS,72,2344,18.0,0.585,0.41,0.237,6.0,28.5,17.2,10.6,1.5,1.0,10.0,18.8,4.1,3.7,7.8,0.159,2.4,0.6,2.9,2.9,False
murraro01,Ronald Murray,SHOOTING GUARD,30,CHARLOTTE BOBCATS,46,993,11.4,0.484,0.319,0.319,1.9,9.9,5.9,15.2,1.5,1.0,12.2,25.0,-0.4,1.3,0.9,0.041,-1.7,-0.4,-2.1,0.0,False
murraro01,Ronald Murray,SHOOTING GUARD,30,CHICAGO BULLS,29,680,12.1,0.487,0.331,0.232,2.2,11.6,7.0,12.2,1.4,0.4,8.0,21.5,0.2,0.7,0.9,0.065,-1.7,-0.9,-2.5,-0.1,False
najered01,Eduardo Nájera,POWER FORWARD,33,NEW JERSEY NETS,13,204,7.0,0.42,0.321,0.226,6.5,15.4,10.7,12.0,2.3,0.7,17.1,15.8,-0.2,0.2,-0.1,-0.017,-5.5,0.5,-5.0,-0.2,False
najered01,Eduardo Nájera,POWER FORWARD,33,DALLAS MAVERICKS,33,481,9.1,0.549,0.505,0.129,5.3,13.0,9.2,4.1,1.8,1.9,11.7,10.6,0.3,0.6,0.9,0.089,-3.0,0.7,-2.3,0.0,False
nashst01,Steve Nash,POINT GUARD,35,PHOENIX SUNS,81,2660,21.6,0.615,0.295,0.228,1.5,9.4,5.7,50.9,0.8,0.3,21.4,22.9,9.1,0.8,9.9,0.178,6.1,-1.8,4.3,4.2,False
nelsoja01,Jameer Nelson,POINT GUARD,27,ORLANDO MAGIC,65,1860,15.5,0.54,0.32,0.164,1.7,10.1,6.0,32.1,1.3,0.1,15.5,22.3,2.8,2.2,5.0,0.13,1.0,-0.3,0.7,1.3,False
nestera01,Rasho Nesterović,CENTER,33,TORONTO RAPTORS,42,413,16.0,0.539,0.0,0.034,10.9,14.5,12.7,9.9,1.2,3.2,9.6,18.5,0.6,0.2,0.8,0.089,-0.2,-1.0,-1.2,0.1,False
noahjo01,Joakim Noah,CENTER,24,CHICAGO BULLS,64,1925,17.9,0.557,0.0,0.421,12.9,27.6,20.3,10.8,0.9,4.0,16.0,17.1,2.7,3.5,6.2,0.154,0.1,1.5,1.6,1.7,False
nocioan01,Andrés Nocioni,SMALL FORWARD,30,SACRAMENTO KINGS,75,1477,11.1,0.504,0.424,0.169,2.5,14.9,8.6,8.0,1.1,1.3,9.6,20.9,0.4,1.0,1.3,0.044,-1.3,-1.1,-2.4,-0.1,False
novakst01,Steve Novak,SMALL FORWARD,26,LOS ANGELES CLIPPERS,54,362,8.3,0.505,0.657,0.083,0.3,10.3,5.3,2.6,1.0,0.4,1.8,14.2,0.2,0.1,0.3,0.043,-2.4,-1.3,-3.7,-0.2,False
nowitdi01,Dirk Nowitzki,POWER FORWARD,31,DALLAS MAVERICKS,81,3039,22.9,0.578,0.081,0.392,3.1,20.1,11.7,13.0,1.2,2.0,7.8,28.8,8.4,3.9,12.3,0.194,3.7,0.5,4.2,4.7,False
obryapa01,Patrick O'Bryant,CENTER,23,TORONTO RAPTORS,11,51,9.9,0.539,0.067,0.4,4.8,20.3,12.7,3.0,2.0,6.0,22.1,20.3,-0.1,0.1,0.0,-0.009,-7.2,0.5,-6.6,-0.1,False
onealje01,Jermaine O'Neal,CENTER,31,MIAMI HEAT,70,1991,17.9,0.563,0.003,0.302,7.4,21.2,14.3,8.4,0.7,3.9,12.9,22.9,2.4,3.2,5.6,0.135,-0.5,0.4,-0.1,1.0,False
onealsh01,Shaquille O'Neal,CENTER,37,CLEVELAND CAVALIERS,53,1240,17.9,0.565,0.002,0.488,9.4,24.0,17.0,11.3,0.6,3.9,15.7,25.1,0.9,2.1,3.1,0.119,-1.0,0.8,-0.2,0.6,False
obertfa01,Fabricio Oberto,CENTER,34,WASHINGTON WIZARDS,57,650,5.7,0.654,0.0,0.304,5.9,12.8,9.3,11.1,0.9,1.1,36.2,6.9,0.2,0.4,0.6,0.047,-5.3,0.8,-4.4,-0.4,False
odengr01,Greg Oden,CENTER,22,PORTLAND TRAIL BLAZERS,21,502,23.1,0.647,0.0,0.421,15.6,28.3,21.9,6.7,0.9,7.7,17.8,20.7,1.3,1.0,2.2,0.214,0.9,2.6,3.5,0.7,False
odomla01,Lamar Odom,POWER FORWARD,30,LOS ANGELES LAKERS,82,2585,15.9,0.533,0.246,0.273,8.0,26.5,17.3,15.6,1.5,1.7,15.3,17.0,2.8,4.9,7.7,0.143,0.7,1.8,2.5,2.9,False
okafoem01,Emeka Okafor,CENTER,27,NEW ORLEANS HORNETS,82,2370,16.5,0.547,0.0,0.418,12.2,24.7,18.4,3.5,1.2,4.1,12.5,17.1,2.6,2.8,5.5,0.111,-0.9,-0.3,-1.2,0.4,False
okurme01,Mehmet Okur,CENTER,30,UTAH JAZZ,73,2149,15.6,0.561,0.275,0.308,7.5,20.6,14.2,8.5,0.9,3.0,12.6,21.0,2.6,3.0,5.6,0.126,0.4,0.1,0.5,1.4,False
ollieke01,Kevin Ollie,POINT GUARD,37,OKLAHOMA CITY THUNDER,25,263,7.0,0.453,0.022,0.178,1.3,9.3,5.5,10.8,1.8,0.0,11.0,9.3,0.0,0.3,0.3,0.059,-4.0,1.7,-2.4,0.0,False
outlatr01,Travis Outlaw,SMALL FORWARD,25,PORTLAND TRAIL BLAZERS,11,231,14.8,0.489,0.307,0.238,6.9,13.5,10.2,5.9,1.7,2.8,9.7,25.4,0.1,0.3,0.3,0.071,0.7,-0.2,0.5,0.1,False
outlatr01,Travis Outlaw,SMALL FORWARD,25,LOS ANGELES CLIPPERS,23,499,12.6,0.512,0.411,0.194,4.6,14.7,9.6,8.4,1.1,1.3,9.3,19.5,0.3,0.3,0.6,0.058,-0.3,-1.2,-1.5,0.1,False
pachuza01,Zaza Pachulia,CENTER,25,ATLANTA HAWKS,78,1089,13.1,0.539,0.016,0.581,12.4,19.0,15.7,5.6,1.8,2.2,15.8,15.5,1.2,1.5,2.7,0.121,-2.7,0.2,-2.5,-0.1,False
pargoja01,Jannero Pargo,POINT GUARD,30,CHICAGO BULLS,63,829,8.9,0.429,0.362,0.118,1.2,9.1,5.2,17.5,1.8,0.2,11.1,24.4,-1.1,0.9,-0.3,-0.015,-3.7,-1.1,-4.8,-0.6,False
parkean01,Anthony Parker,SHOOTING GUARD,34,CLEVELAND CAVALIERS,81,2289,9.9,0.576,0.549,0.2,1.6,10.0,6.0,9.9,1.4,0.6,12.1,12.0,2.3,2.6,4.9,0.103,-1.0,0.7,-0.3,1.0,False
parketo01,Tony Parker,POINT GUARD,27,SAN ANTONIO SPURS,56,1728,16.4,0.542,0.047,0.344,0.5,8.5,4.6,30.9,0.9,0.3,15.3,25.8,2.0,1.6,3.6,0.101,0.6,-1.3,-0.7,0.6,False
paulch01,Chris Paul,POINT GUARD,24,NEW ORLEANS HORNETS,45,1712,23.7,0.584,0.199,0.298,1.3,11.9,6.5,45.4,2.9,0.4,13.5,22.2,5.7,1.5,7.3,0.204,4.6,1.6,6.2,3.5,False
pavloal01,Sasha Pavlović,SMALL FORWARD,26,MINNESOTA TIMBERWOLVES,71,877,5.4,0.422,0.393,0.087,1.5,13.6,7.5,10.0,1.3,0.5,14.5,18.1,-1.5,0.3,-1.2,-0.063,-5.0,-1.2,-6.2,-0.9,False
pecheol01,Oleksiy Pecherov,CENTER,24,MINNESOTA TIMBERWOLVES,44,447,12.0,0.487,0.277,0.17,7.9,23.4,15.5,4.0,1.0,2.4,13.7,22.8,-0.3,0.4,0.1,0.01,-2.7,-1.6,-4.2,-0.3,False
perkike01,Kendrick Perkins,CENTER,25,BOSTON CELTICS,78,2154,15.0,0.613,0.006,0.536,9.1,24.4,16.9,6.0,0.6,4.8,20.4,17.6,1.4,3.8,5.2,0.117,-1.7,1.0,-0.7,0.7,False
petermo01,Morris Peterson,SHOOTING GUARD,32,NEW ORLEANS HORNETS,46,973,9.3,0.503,0.568,0.179,2.0,13.4,7.6,6.2,1.3,0.4,7.7,16.5,0.3,0.5,0.8,0.039,-1.9,-1.3,-3.2,-0.3,False
petrojo01,Johan Petro,CENTER,24,DENVER NUGGETS,36,436,10.7,0.553,0.01,0.208,8.5,25.4,17.1,4.8,1.2,2.2,17.3,13.6,0.2,0.6,0.8,0.089,-3.9,0.2,-3.6,-0.2,False
piercpa01,Paul Pierce,SMALL FORWARD,32,BOSTON CELTICS,71,2411,18.2,0.613,0.303,0.499,2.0,13.4,7.9,15.1,1.8,1.0,13.6,23.8,5.0,3.3,8.3,0.165,2.3,0.7,3.0,3.0,False
pietrmi01,Mickaël Piétrus,SMALL FORWARD,27,ORLANDO MAGIC,75,1687,11.9,0.555,0.568,0.202,2.8,11.6,7.4,4.7,1.6,1.4,10.5,18.0,1.2,2.5,3.6,0.103,0.0,0.9,0.9,1.2,False
poseyja01,James Posey,SMALL FORWARD,33,NEW ORLEANS HORNETS,77,1731,8.7,0.525,0.701,0.232,2.1,20.5,11.2,9.3,1.3,0.8,11.8,11.4,1.0,1.4,2.4,0.067,-2.4,0.6,-1.8,0.1,False
powele01,Leon Powe,SMALL FORWARD,26,CLEVELAND CAVALIERS,20,236,10.2,0.515,0.0,1.286,10.1,20.2,15.4,0.0,1.3,0.7,12.5,17.3,0.1,0.3,0.5,0.097,-4.6,-1.1,-5.8,-0.2,False
poweljo01,Josh Powell,POWER FORWARD,27,LOS ANGELES LAKERS,63,581,6.7,0.407,0.082,0.16,8.5,13.7,11.2,9.0,0.8,0.8,13.7,18.6,-0.7,0.7,0.0,0.001,-5.2,-1.1,-6.3,-0.6,False
priceaj01,A.J. Price,POINT GUARD,23,INDIANA PACERS,56,865,14.0,0.53,0.492,0.212,1.5,9.7,5.6,20.5,2.0,0.2,13.2,22.7,0.4,0.8,1.2,0.065,-0.1,-0.4,-0.5,0.3,False
pricero01,Ronnie Price,POINT GUARD,26,UTAH JAZZ,60,806,10.3,0.476,0.26,0.244,4.2,6.6,5.4,22.0,2.5,1.3,17.3,18.0,-0.1,1.0,0.9,0.056,-2.5,1.2,-1.3,0.1,False
princta01,Tayshaun Prince,SMALL FORWARD,29,DETROIT PISTONS,49,1664,16.0,0.53,0.126,0.169,4.9,13.8,9.0,16.9,1.1,1.1,8.8,18.9,2.6,0.6,3.2,0.091,1.8,-1.0,0.8,1.2,False
przybjo01,Joel Przybilla,CENTER,30,PORTLAND TRAIL BLAZERS,30,681,11.2,0.567,0.0,0.593,13.0,30.4,21.6,1.7,0.6,5.1,26.5,10.3,0.3,1.2,1.4,0.101,-2.9,1.6,-1.3,0.1,False
quinnch01,Chris Quinn,POINT GUARD,26,NEW JERSEY NETS,25,223,9.3,0.477,0.571,0.107,0.5,8.1,4.1,20.9,2.1,0.3,14.6,14.1,0.0,0.1,0.1,0.025,-2.6,0.1,-2.5,0.0,False
radmavl01,Vladimir Radmanović,POWER FORWARD,29,CHARLOTTE BOBCATS,8,133,8.0,0.437,0.524,0.143,7.4,18.7,13.1,8.6,1.2,0.6,10.1,17.3,0.0,0.2,0.2,0.055,-2.5,1.6,-1.0,0.0,False
radmavl01,Vladimir Radmanović,POWER FORWARD,29,GOLDEN STATE WARRIORS,33,758,7.9,0.452,0.372,0.091,6.2,15.8,10.9,6.9,1.6,0.6,14.0,15.8,-0.6,0.4,-0.2,-0.012,-2.9,-1.3,-4.2,-0.4,False
randoan01,Anthony Randolph,CENTER,20,GOLDEN STATE WARRIORS,33,749,18.7,0.521,0.016,0.44,10.7,21.4,16.0,8.5,1.8,4.9,11.7,23.9,0.7,0.8,1.5,0.098,-0.2,-0.3,-0.6,0.3,False
randosh01,Shavlik Randolph,POWER FORWARD,26,MIAMI HEAT,3,47,4.9,0.333,0.0,0.0,17.6,14.9,16.3,0.0,1.1,1.7,11.8,17.0,-0.1,0.1,0.0,-0.015,-7.1,-2.2,-9.3,-0.1,False
randosh01,Shavlik Randolph,POWER FORWARD,26,PORTLAND TRAIL BLAZERS,3,6,16.5,0.515,0.0,0.667,0.0,20.8,10.3,28.6,0.0,0.0,20.5,38.6,0.0,0.0,0.0,0.005,-2.9,-2.1,-5.1,0.0,False
randoza01,Zach Randolph,POWER FORWARD,28,MEMPHIS GRIZZLIES,81,3051,21.2,0.546,0.039,0.348,12.6,23.8,18.2,8.2,1.3,0.8,10.1,24.6,7.0,2.7,9.7,0.153,2.7,-1.4,1.3,2.5,False
ratlith01,Theo Ratliff,CENTER,36,SAN ANTONIO SPURS,21,183,7.8,0.45,0.0,0.111,9.8,15.7,12.8,6.9,0.9,7.1,29.8,13.4,-0.3,0.3,0.1,0.019,-6.6,2.4,-4.1,-0.1,False
ratlith01,Theo Ratliff,CENTER,36,CHARLOTTE BOBCATS,28,624,11.0,0.528,0.0,0.397,8.7,13.9,11.3,4.1,0.8,5.7,15.5,12.0,0.3,1.0,1.3,0.104,-3.1,1.6,-1.5,0.1,False
reddmi01,Michael Redd,SHOOTING GUARD,30,MILWAUKEE BUCKS,18,492,12.1,0.444,0.282,0.31,2.4,10.4,6.2,13.0,2.0,0.3,5.8,23.7,-0.1,0.7,0.6,0.059,-0.9,1.0,0.1,0.2,False
redicjj01,J.J. Redick,SHOOTING GUARD,25,ORLANDO MAGIC,82,1808,15.0,0.606,0.495,0.401,1.1,8.5,5.0,13.9,0.8,0.2,8.8,18.3,4.7,1.8,6.5,0.173,1.8,0.1,1.8,1.8,False
richach01,Chris Richard,POWER FORWARD,25,CHICAGO BULLS,18,224,6.5,0.547,0.0,0.379,9.6,19.6,14.7,4.4,1.8,1.4,29.3,9.6,0.0,0.4,0.3,0.067,-6.8,1.0,-5.8,-0.2,False
richaja01,Jason Richardson,SHOOTING GUARD,29,PHOENIX SUNS,79,2485,16.6,0.574,0.401,0.184,3.9,13.9,9.2,8.8,1.3,0.9,7.9,20.8,5.0,1.7,6.6,0.128,2.2,-0.5,1.7,2.3,False
richaqu01,Quentin Richardson,SMALL FORWARD,29,MIAMI HEAT,76,2082,12.9,0.572,0.638,0.127,3.6,17.4,10.6,7.0,1.8,0.7,9.5,14.8,2.7,3.1,5.8,0.133,0.4,0.8,1.3,1.7,False
ridnolu01,Luke Ridnour,POINT GUARD,28,MILWAUKEE BUCKS,82,1759,17.7,0.57,0.264,0.204,1.5,8.1,4.6,31.9,1.6,0.3,12.4,22.0,4.0,2.2,6.2,0.168,1.7,0.5,2.2,1.8,False
robinna01,Nate Robinson,POINT GUARD,25,NEW YORK KNICKS,30,733,17.6,0.552,0.405,0.161,3.5,7.7,5.6,26.4,1.9,0.5,12.8,25.4,1.1,0.3,1.4,0.091,2.1,-1.2,0.9,0.5,False
robinna01,Nate Robinson,POINT GUARD,25,BOSTON CELTICS,26,382,13.9,0.522,0.554,0.083,1.7,10.3,6.1,22.1,3.0,0.0,10.9,22.4,0.2,0.6,0.8,0.103,-0.5,0.6,0.2,0.2,False
rodrise01,Sergio Rodríguez,POINT GUARD,23,SACRAMENTO KINGS,39,517,16.9,0.538,0.221,0.326,3.3,7.9,5.5,37.7,2.9,0.4,21.4,23.6,0.4,0.4,0.8,0.074,1.1,-0.6,0.5,0.3,False
rodrise01,Sergio Rodríguez,POINT GUARD,23,NEW YORK KNICKS,27,531,12.8,0.573,0.304,0.193,1.9,6.5,4.2,26.9,2.0,0.3,24.0,19.5,0.2,0.2,0.4,0.033,-1.1,-1.9,-3.0,-0.1,False
rondora01,Rajon Rondo,POINT GUARD,23,BOSTON CELTICS,81,2963,19.1,0.54,0.088,0.312,4.3,10.5,7.5,43.7,3.3,0.3,19.3,20.2,4.9,4.7,9.6,0.156,2.2,1.4,3.6,4.2,False
rosede01,Derrick Rose,POINT GUARD,21,CHICAGO BULLS,78,2871,18.6,0.532,0.044,0.246,2.6,8.7,5.7,30.3,1.0,0.7,12.5,27.2,3.5,2.5,6.0,0.1,2.6,-0.9,1.7,2.7,False
rossqu01,Quinton Ross,SMALL FORWARD,28,DALLAS MAVERICKS,27,301,5.4,0.454,0.232,0.143,4.2,6.0,5.1,3.3,1.2,1.0,4.8,9.6,0.1,0.2,0.3,0.043,-4.3,0.0,-4.3,-0.2,False
rossqu01,Quinton Ross,SHOOTING GUARD,28,WASHINGTON WIZARDS,25,261,0.3,0.33,0.145,0.109,2.6,7.2,4.9,2.8,1.2,0.6,12.2,11.4,-0.5,0.1,-0.4,-0.067,-8.1,-0.8,-8.9,-0.5,False
roybr01,Brandon Roy,SHOOTING GUARD,25,PORTLAND TRAIL BLAZERS,65,2419,21.3,0.568,0.213,0.424,3.7,10.9,7.3,23.1,1.4,0.5,9.5,26.7,7.0,2.1,9.1,0.18,4.7,0.0,4.7,4.1,False
rushbr01,Brandon Rush,SHOOTING GUARD,24,INDIANA PACERS,82,2491,9.6,0.522,0.43,0.127,1.8,13.5,7.6,6.9,1.1,1.9,11.1,14.8,0.0,2.5,2.5,0.047,-1.5,0.1,-1.3,0.4,False
rushka01,Kareem Rush,SHOOTING GUARD,29,LOS ANGELES CLIPPERS,7,58,4.8,0.409,0.273,0.0,2.0,10.0,6.0,10.0,1.8,3.8,21.4,10.9,-0.1,0.1,0.0,-0.019,-5.3,1.8,-3.5,0.0,False
salmojo01,John Salmons,SHOOTING GUARD,30,CHICAGO BULLS,51,1695,12.7,0.53,0.35,0.268,1.2,10.1,5.7,11.6,2.0,1.0,10.3,18.1,1.2,2.0,3.2,0.092,-0.9,1.3,0.5,1.1,False
salmojo01,John Salmons,SHOOTING GUARD,30,MILWAUKEE BUCKS,30,1129,17.6,0.581,0.264,0.357,1.6,8.3,4.8,15.0,1.6,0.3,9.4,22.7,2.5,1.4,3.9,0.165,2.2,0.9,3.2,1.4,False
scalabr01,Brian Scalabrine,POWER FORWARD,31,BOSTON CELTICS,52,472,3.6,0.445,0.576,0.071,2.4,9.9,6.2,8.1,1.0,0.7,16.2,10.4,-0.3,0.5,0.2,0.019,-4.4,0.1,-4.3,-0.3,False
scolalu01,Luis Scola,POWER FORWARD,29,HOUSTON ROCKETS,82,2671,17.2,0.55,0.005,0.245,7.2,23.6,15.1,11.1,1.2,0.7,11.9,22.7,3.4,3.0,6.3,0.114,0.0,-0.3,-0.3,1.1,False
sefolth01,Thabo Sefolosha,SHOOTING GUARD,25,OKLAHOMA CITY THUNDER,82,2348,9.8,0.509,0.297,0.202,3.8,14.8,9.5,8.9,2.1,1.5,15.8,10.9,0.6,3.4,4.0,0.082,-1.9,2.0,0.1,1.3,False
sessira01,Ramon Sessions,POINT GUARD,23,MINNESOTA TIMBERWOLVES,82,1732,12.9,0.513,0.027,0.42,3.7,10.3,6.9,23.3,1.6,0.2,17.2,19.9,0.5,0.6,1.1,0.031,-1.8,-1.2,-3.0,-0.4,False
simmobo01,Bobby Simmons,POWER FORWARD,29,NEW JERSEY NETS,23,395,8.0,0.485,0.538,0.171,3.1,15.9,9.2,6.3,2.0,0.6,13.1,16.8,-0.2,0.3,0.1,0.014,-3.6,0.0,-3.6,-0.2,False
singlja01,James Singleton,SMALL FORWARD,28,DALLAS MAVERICKS,25,211,10.2,0.443,0.344,0.094,9.4,20.4,14.9,6.3,2.7,2.5,15.3,17.1,-0.2,0.4,0.2,0.048,-4.4,0.9,-3.5,-0.1,False
singlja01,James Singleton,POWER FORWARD,28,WASHINGTON WIZARDS,32,766,11.8,0.454,0.079,0.295,13.5,19.8,16.6,4.3,1.2,3.6,14.7,14.9,0.1,0.9,0.9,0.059,-2.8,-0.3,-3.1,-0.2,False
skinnbr01,Brian Skinner,POWER FORWARD,33,LOS ANGELES CLIPPERS,16,123,5.5,0.456,0.0,0.32,8.4,17.1,12.7,0.0,1.3,2.4,19.7,13.1,-0.1,0.1,0.0,-0.006,-6.5,-0.6,-7.2,-0.2,False
smithcr01,Craig Smith,POWER FORWARD,26,LOS ANGELES CLIPPERS,75,1232,16.9,0.599,0.013,0.524,9.1,18.0,13.5,11.8,1.4,1.5,15.3,21.2,2.0,1.0,3.0,0.117,-0.9,0.1,-0.8,0.4,False
smithjr01,J.R. Smith,SHOOTING GUARD,24,DENVER NUGGETS,75,2082,15.0,0.515,0.452,0.195,1.6,11.3,6.5,15.0,2.4,0.7,11.0,26.9,0.6,2.1,2.7,0.062,0.5,-0.4,0.1,1.1,False
smithja02,Jason Smith,POWER FORWARD,23,PHILADELPHIA 76ERS,56,658,10.6,0.491,0.167,0.241,9.5,14.7,12.1,7.5,1.7,3.4,15.4,15.8,0.1,0.6,0.7,0.048,-3.9,-0.4,-4.3,-0.4,False
smithjo02,Joe Smith,POWER FORWARD,34,ATLANTA HAWKS,64,592,11.2,0.453,0.036,0.249,12.9,18.1,15.5,5.3,0.5,2.4,9.3,18.4,0.3,0.6,0.9,0.077,-3.8,-1.6,-5.5,-0.5,False
smithjo03,Josh Smith,POWER FORWARD,24,ATLANTA HAWKS,81,2871,21.0,0.536,0.007,0.422,9.0,19.8,14.3,19.0,2.4,4.5,14.3,22.2,4.2,5.1,9.3,0.155,2.4,2.7,5.1,5.1,False
songada01,Darius Songaila,CENTER,31,NEW ORLEANS HORNETS,75,1410,11.6,0.522,0.012,0.152,4.8,14.7,9.7,7.9,2.3,0.8,13.5,19.5,0.0,1.2,1.3,0.044,-3.9,0.2,-3.7,-0.6,False
speigma01,Marreese Speights,CENTER,22,PHILADELPHIA 76ERS,62,1016,17.6,0.524,0.011,0.327,9.7,19.7,14.6,6.2,1.5,2.6,9.1,25.1,1.2,0.9,2.1,0.101,-1.3,-1.6,-2.9,-0.2,False
stackje01,Jerry Stackhouse,SHOOTING GUARD,35,MILWAUKEE BUCKS,42,855,11.1,0.517,0.411,0.218,2.4,11.3,6.6,13.4,1.3,0.8,16.0,21.9,-0.3,1.1,0.9,0.048,-1.4,-0.3,-1.7,0.1,False
stevede01,DeShawn Stevenson,SHOOTING GUARD,28,WASHINGTON WIZARDS,40,616,3.3,0.382,0.602,0.243,1.3,11.0,6.1,10.0,0.9,0.6,17.4,10.2,-0.6,0.3,-0.3,-0.025,-4.9,-0.1,-5.0,-0.5,False
stevede01,DeShawn Stevenson,SHOOTING GUARD,28,DALLAS MAVERICKS,24,267,3.2,0.38,0.417,0.167,1.7,9.3,5.6,6.2,1.0,0.3,8.5,12.1,-0.3,0.2,-0.1,-0.015,-5.9,-1.0,-6.9,-0.3,False
stojape01,Peja Stojaković,SMALL FORWARD,32,NEW ORLEANS HORNETS,62,1947,12.4,0.533,0.512,0.156,2.3,11.5,6.8,7.2,1.3,0.2,7.1,18.6,1.9,0.9,2.7,0.067,0.2,-1.1,-0.9,0.5,False
stoudam01,Amar'e Stoudemire,POWER FORWARD,27,PHOENIX SUNS,82,2838,22.6,0.615,0.005,0.5,9.7,18.9,14.5,4.8,0.9,2.1,12.1,27.3,8.2,2.5,10.7,0.181,2.1,-1.1,1.0,2.2,False
stuckro01,Rodney Stuckey,POINT GUARD,23,DETROIT PISTONS,73,2499,15.6,0.479,0.071,0.324,3.1,11.1,6.8,24.7,2.2,0.4,11.4,26.4,1.4,1.3,2.7,0.052,0.0,-0.4,-0.4,1.0,False
summeda01,DaJuan Summers,SMALL FORWARD,22,DETROIT PISTONS,44,405,7.5,0.457,0.323,0.292,3.9,9.9,6.7,6.3,1.1,1.5,9.8,18.5,-0.1,0.1,0.0,0.002,-3.4,-1.8,-5.2,-0.3,False
tayloje02,Jermaine Taylor,SHOOTING GUARD,23,HOUSTON ROCKETS,31,303,11.4,0.46,0.185,0.387,7.7,9.8,8.7,8.4,1.7,0.7,12.0,23.1,-0.1,0.2,0.1,0.015,-1.8,-2.1,-3.9,-0.2,False
teaguje01,Jeff Teague,POINT GUARD,21,ATLANTA HAWKS,71,719,11.0,0.459,0.141,0.216,0.8,10.2,5.4,25.1,2.5,1.2,16.7,19.1,-0.2,0.8,0.6,0.042,-3.8,0.3,-3.6,-0.3,False
telfase01,Sebastian Telfair,POINT GUARD,24,LOS ANGELES CLIPPERS,39,582,9.8,0.47,0.283,0.187,1.0,7.2,4.1,30.3,2.0,0.6,19.7,17.4,-0.1,0.3,0.2,0.015,-3.5,-0.8,-4.3,-0.3,False
telfase01,Sebastian Telfair,POINT GUARD,24,CLEVELAND CAVALIERS,4,77,14.0,0.518,0.257,0.171,0.0,5.9,3.1,27.1,1.4,0.0,13.7,26.4,0.0,0.1,0.1,0.065,-2.0,-2.7,-4.7,-0.1,False
templga01,Garrett Temple,SHOOTING GUARD,23,HOUSTON ROCKETS,9,118,8.6,0.569,0.414,0.828,1.9,12.1,6.8,8.9,1.7,2.5,26.1,20.1,-0.1,0.1,0.0,0.004,-5.2,-0.3,-5.5,-0.1,False
templga01,Garrett Temple,SHOOTING GUARD,23,SACRAMENTO KINGS,5,23,15.4,0.539,0.25,0.625,4.9,10.1,7.5,13.2,2.2,0.0,16.4,23.5,0.0,0.0,0.0,0.078,0.0,0.5,0.5,0.0,False
templga01,Garrett Temple,SHOOTING GUARD,23,SAN ANTONIO SPURS,13,193,11.1,0.546,0.359,0.328,1.9,6.6,4.3,9.5,2.2,0.7,13.1,20.0,0.1,0.2,0.3,0.086,-2.7,0.9,-1.8,0.0,False
terryja01,Jason Terry,SHOOTING GUARD,32,DALLAS MAVERICKS,77,2540,16.5,0.552,0.358,0.257,0.9,5.4,3.2,18.8,1.9,0.5,8.6,23.0,4.4,2.1,6.5,0.123,1.6,-0.1,1.5,2.2,False
thabeha01,Hasheem Thabeet,CENTER,22,MEMPHIS GRIZZLIES,68,883,12.9,0.605,0.0,0.71,11.2,20.9,16.1,1.7,0.9,7.7,20.0,10.7,0.8,1.2,2.0,0.109,-3.2,1.9,-1.2,0.2,False
thomaet01,Etan Thomas,CENTER,31,OKLAHOMA CITY THUNDER,23,321,6.9,0.483,0.0,0.324,6.6,16.0,11.4,0.5,0.6,3.7,18.8,13.4,-0.2,0.4,0.2,0.028,-5.3,0.3,-5.0,-0.2,False
thomake01,Kenny Thomas,POWER FORWARD,32,SACRAMENTO KINGS,26,313,9.0,0.509,0.0,0.343,12.6,18.9,15.7,6.5,1.6,2.3,29.7,8.1,0.1,0.3,0.4,0.059,-3.4,0.7,-2.7,-0.1,False
thomaku01,Kurt Thomas,CENTER,37,MILWAUKEE BUCKS,70,1049,9.9,0.489,0.0,0.072,8.7,23.5,15.8,6.7,1.3,3.4,18.3,11.3,0.0,2.0,2.1,0.095,-4.4,2.1,-2.2,-0.1,False
thomati01,Tim Thomas,SMALL FORWARD,32,DALLAS MAVERICKS,18,285,15.1,0.579,0.406,0.226,5.3,11.1,8.2,8.0,1.8,0.5,10.7,21.1,0.4,0.3,0.7,0.12,0.2,-0.5,-0.4,0.1,False
thomaty01,Tyrus Thomas,POWER FORWARD,23,CHICAGO BULLS,29,678,16.5,0.523,0.005,0.439,7.0,22.8,15.0,7.8,3.0,5.4,17.5,19.6,-0.2,1.6,1.4,0.101,-1.6,3.6,2.0,0.7,False
thomaty01,Tyrus Thomas,CENTER,23,CHARLOTTE BOBCATS,25,542,17.1,0.499,0.009,0.395,8.8,24.7,16.9,7.8,2.3,5.6,13.7,25.1,-0.1,1.3,1.2,0.106,-2.4,1.9,-0.5,0.2,False
thompja02,Jason Thompson,CENTER,23,SACRAMENTO KINGS,75,2357,14.6,0.518,0.013,0.353,10.8,20.3,15.5,8.3,0.9,2.3,13.3,19.6,1.9,2.0,4.0,0.081,-1.6,-0.8,-2.4,-0.2,False
thornal01,Al Thornton,SMALL FORWARD,26,LOS ANGELES CLIPPERS,51,1405,11.6,0.526,0.03,0.302,7.0,8.9,7.9,7.2,0.9,1.2,11.2,18.9,1.0,0.5,1.5,0.05,-2.2,-1.4,-3.7,-0.6,False
thornal01,Al Thornton,SMALL FORWARD,26,WASHINGTON WIZARDS,24,674,12.1,0.517,0.079,0.333,5.2,12.3,8.7,7.1,1.6,1.5,12.7,19.1,0.2,0.5,0.7,0.051,-2.0,-0.1,-2.1,0.0,False
thornma01,Marcus Thornton,SHOOTING GUARD,22,NEW ORLEANS HORNETS,73,1872,17.4,0.55,0.354,0.2,4.4,8.9,6.6,10.3,1.6,0.4,7.3,25.3,3.1,0.9,4.0,0.103,2.3,-1.4,0.9,1.4,False
tinslja01,Jamaal Tinsley,POINT GUARD,31,MEMPHIS GRIZZLIES,38,589,7.8,0.438,0.279,0.193,2.2,10.9,6.5,25.4,2.9,0.6,29.3,16.0,-0.8,0.5,-0.3,-0.027,-4.5,0.2,-4.3,-0.3,False
tollian01,Anthony Tolliver,POWER FORWARD,24,PORTLAND TRAIL BLAZERS,2,4,-11.5,0.0,1.0,0.0,0.0,31.2,15.5,0.0,0.0,0.0,0.0,11.9,0.0,0.0,0.0,-0.217,-15.0,-2.6,-17.6,0.0,False
tollian01,Anthony Tolliver,POWER FORWARD,24,GOLDEN STATE WARRIORS,44,1423,13.7,0.532,0.337,0.299,6.5,18.6,12.5,8.6,1.1,1.7,8.3,16.6,1.8,0.8,2.5,0.085,-0.3,-1.3,-1.6,0.2,False
tuckeal02,Alando Tucker,SMALL FORWARD,25,PHOENIX SUNS,11,71,15.7,0.548,0.233,0.7,8.4,3.0,5.6,6.4,0.0,0.0,9.3,26.9,0.2,0.0,0.1,0.099,1.3,-3.4,-2.1,0.0,False
tuckeal02,Alando Tucker,SMALL FORWARD,25,MINNESOTA TIMBERWOLVES,4,25,6.9,0.444,0.0,0.0,4.4,9.1,6.7,6.4,0.0,0.0,10.0,17.4,0.0,0.0,0.0,-0.047,-4.1,-5.4,-9.5,0.0,False
turiaro01,Ronny Turiaf,CENTER,27,GOLDEN STATE WARRIORS,42,872,12.6,0.574,0.007,0.534,6.8,17.7,12.2,13.8,1.3,4.4,21.4,11.3,0.8,0.7,1.4,0.078,-1.5,1.7,0.1,0.5,False
turkohe01,Hedo Türkoğlu,SMALL FORWARD,30,TORONTO RAPTORS,74,2272,13.3,0.54,0.429,0.335,2.2,15.2,8.9,19.5,1.2,1.1,13.9,18.1,2.6,0.8,3.4,0.071,0.7,-0.4,0.4,1.4,False
udokaim01,Ime Udoka,SHOOTING GUARD,32,SACRAMENTO KINGS,69,944,9.6,0.47,0.378,0.237,6.1,17.2,11.6,8.8,1.8,0.5,13.6,14.4,0.0,0.8,0.8,0.041,-2.2,0.3,-1.9,0.0,False
udrihbe01,Beno Udrih,POINT GUARD,27,SACRAMENTO KINGS,79,2477,15.7,0.566,0.237,0.168,1.7,8.5,5.1,24.1,1.8,0.3,13.1,18.6,4.2,1.3,5.5,0.107,0.7,-0.2,0.4,1.5,False
ukicro01,Roko Ukić,POINT GUARD,25,MILWAUKEE BUCKS,13,97,12.2,0.574,0.4,0.367,0.0,3.7,1.8,20.0,0.5,0.0,14.7,19.1,0.1,0.1,0.2,0.101,-1.1,-0.7,-1.8,0.0,False
varejan01,Anderson Varejão,POWER FORWARD,27,CLEVELAND CAVALIERS,76,2166,15.8,0.598,0.011,0.375,10.9,20.4,15.9,6.1,1.7,2.4,11.0,13.1,4.3,3.8,8.1,0.179,0.1,1.2,1.3,1.8,False
villach01,Charlie Villanueva,POWER FORWARD,25,DETROIT PISTONS,78,1848,16.0,0.526,0.341,0.157,5.2,19.6,12.0,5.2,1.4,2.5,7.7,23.9,2.1,1.4,3.5,0.092,0.8,-0.8,0.0,0.9,False
vujacsa01,Sasha Vujačić,SHOOTING GUARD,25,LOS ANGELES LAKERS,67,575,11.4,0.518,0.494,0.201,4.9,10.4,7.7,10.5,1.8,0.5,8.7,15.2,0.7,0.7,1.4,0.12,-1.7,1.0,-0.7,0.2,False
wadedw01,Dwyane Wade,SHOOTING GUARD,28,MIAMI HEAT,77,2792,28.0,0.562,0.161,0.465,4.5,11.1,7.8,36.4,2.7,2.4,12.2,34.9,8.5,4.6,13.0,0.224,7.1,2.1,9.2,7.9,False
walkebi01,Henry Walker,SMALL FORWARD,22,BOSTON CELTICS,8,29,7.6,0.581,0.0,0.333,0.0,20.6,10.6,15.6,0.0,0.0,22.5,14.4,0.0,0.0,0.0,0.062,-5.2,0.1,-5.0,0.0,False
walkebi01,Henry Walker,SHOOTING GUARD,22,NEW YORK KNICKS,27,739,14.9,0.651,0.513,0.208,2.3,10.6,6.4,8.0,1.6,0.3,9.5,16.7,1.6,0.3,1.9,0.123,0.6,-0.9,-0.3,0.3,False
wallabe01,Ben Wallace,CENTER,35,DETROIT PISTONS,69,1975,15.8,0.526,0.007,0.548,14.1,23.1,18.3,8.0,2.4,3.6,15.0,10.0,2.4,2.3,4.7,0.115,0.7,1.2,1.9,1.9,False
wallage01,Gerald Wallace,SMALL FORWARD,27,CHARLOTTE BOBCATS,76,3119,18.3,0.586,0.148,0.577,5.9,23.2,14.7,9.0,2.0,2.2,13.1,20.3,5.3,6.2,11.5,0.177,1.0,1.7,2.7,3.7,False
wallara01,Rasheed Wallace,CENTER,35,BOSTON CELTICS,79,1780,13.1,0.504,0.446,0.192,3.0,19.0,11.2,7.3,2.4,3.1,8.2,20.2,0.2,3.4,3.6,0.096,-1.6,1.6,0.0,0.9,False
waltolu01,Luke Walton,SMALL FORWARD,29,LOS ANGELES LAKERS,29,272,9.7,0.402,0.202,0.048,5.0,10.6,7.8,21.5,1.9,0.3,12.3,16.1,-0.1,0.4,0.3,0.047,-2.8,0.5,-2.3,0.0,False
warriha01,Hakim Warrick,POWER FORWARD,27,MILWAUKEE BUCKS,48,1024,15.6,0.54,0.016,0.455,9.2,14.6,11.8,5.8,0.9,0.8,11.2,22.6,1.2,1.3,2.5,0.119,-0.4,-0.5,-1.0,0.3,False
warriha01,Hakim Warrick,POWER FORWARD,27,CHICAGO BULLS,28,533,15.7,0.56,0.006,0.593,8.5,12.8,10.6,5.2,0.7,1.1,9.6,20.2,1.0,0.5,1.5,0.133,-0.3,-1.6,-1.9,0.0,False
watsocj01,C.J. Watson,POINT GUARD,25,GOLDEN STATE WARRIORS,65,1788,13.8,0.555,0.275,0.314,1.7,8.9,5.3,14.3,2.8,0.3,10.3,16.0,2.2,0.9,3.1,0.082,-0.8,0.3,-0.4,0.7,False
watsoea01,Earl Watson,POINT GUARD,30,INDIANA PACERS,79,2322,10.9,0.517,0.351,0.323,2.5,8.8,5.6,25.6,2.2,0.5,22.6,14.7,0.3,2.3,2.6,0.055,-2.6,0.3,-2.3,-0.2,False
weaveky01,Kyle Weaver,SHOOTING GUARD,23,OKLAHOMA CITY THUNDER,12,144,10.7,0.505,0.576,0.182,0.8,13.2,7.2,11.1,2.1,3.1,10.1,12.4,0.1,0.2,0.3,0.106,-1.4,2.2,0.8,0.1,False
webstma02,Martell Webster,SMALL FORWARD,23,PORTLAND TRAIL BLAZERS,82,2005,12.5,0.543,0.52,0.243,2.9,13.7,8.3,5.0,1.2,1.6,7.8,18.2,2.4,2.0,4.4,0.105,0.3,-0.3,0.0,1.0,False
weemsso01,Sonny Weems,SHOOTING GUARD,23,TORONTO RAPTORS,69,1368,12.9,0.533,0.033,0.14,3.7,12.6,8.3,11.6,1.5,1.4,11.8,18.4,0.8,0.5,1.3,0.044,-1.3,-0.7,-2.0,0.0,False
westda01,David West,POWER FORWARD,29,NEW ORLEANS HORNETS,81,2949,18.9,0.56,0.022,0.279,6.4,17.9,12.0,13.7,1.3,1.5,11.2,24.0,5.2,2.3,7.5,0.122,1.2,-0.3,0.8,2.1,False
westde01,Delonte West,SHOOTING GUARD,26,CLEVELAND CAVALIERS,60,1500,13.8,0.53,0.177,0.326,2.4,10.6,6.7,20.0,1.9,1.4,15.3,18.3,1.3,2.0,3.3,0.106,-0.3,1.0,0.7,1.0,False
westma02,Mario West,SHOOTING GUARD,25,ATLANTA HAWKS,39,142,9.9,0.591,0.048,0.476,6.5,15.8,11.1,8.8,3.0,0.0,21.6,10.5,0.1,0.2,0.3,0.106,-4.5,2.4,-2.1,0.0,False
westbru01,Russell Westbrook,POINT GUARD,21,OKLAHOMA CITY THUNDER,82,2813,17.8,0.491,0.09,0.364,6.0,10.3,8.2,38.6,2.0,0.9,16.6,25.7,2.7,3.4,6.1,0.105,1.7,-0.5,1.2,2.3,False
whitedj01,D.J. White,POWER FORWARD,23,OKLAHOMA CITY THUNDER,12,102,25.9,0.65,0.0,0.244,11.6,14.2,12.9,7.4,2.5,2.2,6.2,21.3,0.4,0.2,0.6,0.276,4.4,2.0,6.4,0.2,False
wilcoch01,Chris Wilcox,POWER FORWARD,27,DETROIT PISTONS,34,441,12.0,0.532,0.0,0.433,11.4,21.4,16.1,4.9,1.6,2.3,21.0,18.9,-0.2,0.4,0.2,0.022,-3.4,-0.4,-3.8,-0.2,False
wilkida02,Damien Wilkins,SMALL FORWARD,30,MINNESOTA TIMBERWOLVES,80,1585,11.5,0.515,0.16,0.339,5.0,12.7,8.8,12.5,2.1,1.2,14.8,14.1,0.9,1.0,1.9,0.056,-2.0,0.7,-1.3,0.3,False
wilksmi01,Mike Wilks,POINT GUARD,30,OKLAHOMA CITY THUNDER,4,59,5.9,0.581,0.25,0.333,2.0,5.7,3.9,10.1,0.0,0.0,22.5,13.5,0.0,0.0,0.0,0.023,-3.4,-2.8,-6.2,-0.1,False
willide01,Deron Williams,POINT GUARD,25,UTAH JAZZ,76,2802,20.6,0.574,0.246,0.397,2.2,10.4,6.4,44.5,1.8,0.5,16.9,23.8,7.4,3.0,10.3,0.177,4.2,-0.4,3.8,4.1,False
willija02,Jason Williams,POINT GUARD,34,ORLANDO MAGIC,82,1703,12.9,0.555,0.519,0.096,0.5,7.8,4.3,26.9,1.6,0.1,16.4,14.5,2.5,2.0,4.5,0.127,0.6,0.4,1.0,1.3,False
willija04,Jawad Williams,POINT GUARD,26,CLEVELAND CAVALIERS,54,742,8.2,0.496,0.451,0.218,2.7,10.2,6.7,6.8,0.8,0.5,7.4,15.3,0.3,0.7,1.1,0.069,-3.1,-1.0,-4.1,-0.4,False
willilo02,Lou Williams,POINT GUARD,23,PHILADELPHIA 76ERS,64,1912,18.2,0.576,0.304,0.344,1.5,10.1,5.8,22.9,2.2,0.6,12.0,21.1,4.1,1.1,5.2,0.13,1.9,-0.4,1.6,1.7,False
willima03,Marcus Williams,POINT GUARD,24,MEMPHIS GRIZZLIES,62,872,10.6,0.456,0.299,0.203,1.7,10.7,6.2,26.7,1.9,0.1,20.0,18.5,-0.4,0.5,0.0,0.002,-1.6,-1.5,-3.1,-0.2,False
willima02,Marvin Williams,SMALL FORWARD,23,ATLANTA HAWKS,81,2468,13.0,0.54,0.199,0.324,5.0,14.8,9.8,5.6,1.4,1.4,8.7,15.5,3.1,2.6,5.7,0.112,-0.4,0.1,-0.4,1.0,False
willima01,Mo Williams,POINT GUARD,27,CLEVELAND CAVALIERS,69,2359,16.1,0.58,0.434,0.232,1.5,8.6,5.2,25.0,1.6,0.7,15.5,22.0,4.0,2.7,6.7,0.136,2.2,-0.4,1.8,2.3,False
willire02,Reggie Williams,SMALL FORWARD,23,GOLDEN STATE WARRIORS,24,782,16.1,0.588,0.325,0.219,2.5,13.3,7.8,12.7,1.4,0.5,8.5,18.6,1.5,0.3,1.7,0.105,1.2,-1.8,-0.6,0.3,False
willise01,Sean Williams,POWER FORWARD,23,NEW JERSEY NETS,20,227,7.0,0.453,0.02,0.388,10.2,13.3,11.7,0.7,1.9,6.2,25.9,15.6,-0.4,0.3,-0.2,-0.036,-7.8,0.6,-7.2,-0.3,False
willish02,Shelden Williams,POWER FORWARD,26,BOSTON CELTICS,54,597,14.1,0.612,0.008,0.81,9.9,19.8,15.0,5.3,1.1,2.8,15.5,15.3,1.1,0.9,2.0,0.162,-2.0,0.6,-1.4,0.1,False
willite01,Terrence Williams,SMALL FORWARD,22,NEW JERSEY NETS,78,1764,11.5,0.459,0.154,0.221,2.9,20.6,11.4,22.4,1.3,0.4,14.8,21.8,-1.5,1.3,-0.3,-0.007,-2.0,-0.8,-2.8,-0.4,False
artesro01,Metta World Peace,SMALL FORWARD,30,LOS ANGELES LAKERS,77,2605,12.1,0.514,0.4,0.251,4.3,9.9,7.1,13.3,2.1,0.6,12.8,16.2,1.8,3.5,5.3,0.098,-0.6,1.1,0.5,1.6,False
wrighan01,Antoine Wright,SMALL FORWARD,25,TORONTO RAPTORS,67,1392,8.6,0.502,0.434,0.193,3.3,12.6,8.1,7.4,1.1,0.6,11.8,16.1,0.1,0.2,0.3,0.011,-1.9,-1.4,-3.3,-0.4,False
wrighdo01,Dorell Wright,SMALL FORWARD,24,MIAMI HEAT,72,1496,14.5,0.567,0.375,0.165,4.0,14.4,9.2,9.8,1.9,1.7,10.6,15.8,2.1,2.2,4.3,0.137,0.7,1.2,1.8,1.5,False
wrighju01,Julian Wright,SMALL FORWARD,22,NEW ORLEANS HORNETS,68,871,11.8,0.518,0.026,0.177,7.7,11.8,9.7,7.0,1.7,1.6,15.0,15.4,0.2,0.6,0.8,0.044,-1.6,-0.5,-2.1,0.0,False
youngni01,Nick Young,SHOOTING GUARD,24,WASHINGTON WIZARDS,74,1421,10.7,0.519,0.305,0.233,1.6,6.7,4.1,5.7,1.0,0.4,8.3,21.4,0.9,0.5,1.4,0.046,-2.0,-1.7,-3.7,-0.6,False
youngsa01,Sam Young,SMALL FORWARD,24,MEMPHIS GRIZZLIES,80,1321,13.0,0.518,0.113,0.352,6.8,11.0,8.9,6.2,1.3,1.2,14.1,22.1,0.6,0.7,1.2,0.044,-1.5,-1.7,-3.1,-0.4,False
youngth01,Thaddeus Young,POWER FORWARD,21,PHILADELPHIA 76ERS,67,2145,14.0,0.523,0.17,0.203,7.0,12.3,9.6,7.5,2.0,0.6,12.5,21.5,0.9,1.2,2.1,0.047,-0.4,-1.5,-1.9,0.1,False
